代码,名称,板块,相关概念/板块,概念匹配说明,概念库命中数,今日涨幅(%),3日涨幅(%),5日涨幅(%),回踩天数,今日量/爆发量,爆发日强度,今日成交额(亿)
688802,沐曦股份-U,半导体,半导体,概念库未命中，回退到行业板块。,0,-6.62,-10.5,-6.28,6 天,0.3% (预估 0.3%),放量 9.7倍,19.22
688197,首药控股-U,化学制药,化学制药,概念库未命中，回退到行业板块。,0,-2.44,-5.83,4.28,4 天,0.3% (预估 0.3%),放量 2.6倍,0.62
688018,乐鑫科技,半导体,半导体,半导体同池18只/热度62.9/领涨华天科技,2,-2.48,-6.39,3.2,3 天,0.3% (预估 0.3%),放量 3.9倍,4.85
688765,禾元生物-U,生物制品,生物制品,概念库未命中，回退到行业板块。,0,-1.83,1.95,6.75,2 天,0.3% (预估 0.3%),放量 4.8倍,1.64
688343,云天励飞-U,IT服务Ⅱ,IT服务Ⅱ,概念库未命中，回退到行业板块。,0,-3.01,-6.87,-5.59,5 天,0.4% (预估 0.4%),放量 3.3倍,6.29
688177,百奥泰,生物制品,生物制品、出海,生物制品同池9只/热度24.5/领涨诺唯赞；出海同池6只/热度17.6/领涨华瓷股份,1,-0.86,-2.13,20.06,3 天,0.4% (预估 0.4%),放量 5.5倍,1.02
688306,均普智能,自动化设备,人形机器人,人形机器人同池10只/热度30.5/领涨模塑科技,2,-2.86,0.0,9.07,4 天,0.4% (预估 0.4%),放量 6.2倍,1.47
688220,翱捷科技-U,半导体,半导体,概念库未命中，回退到行业板块。,0,-5.27,-9.07,-8.06,5 天,0.4% (预估 0.4%),放量 2.6倍,5.92
688520,神州细胞,生物制品,生物制品,生物制品同池9只/热度24.5/领涨诺唯赞,1,-1.57,-4.4,4.39,3 天,0.4% (预估 0.4%),放量 4.0倍,0.83
688135,利扬芯片,半导体,半导体,半导体同池18只/热度62.9/领涨华天科技,2,-4.75,-2.16,-9.64,3 天,0.4% (预估 0.4%),放量 2.0倍,4.68
688710,益诺思,医疗服务,医疗服务,概念库未命中，回退到行业板块。,0,-0.99,3.8,0.14,2 天,0.4% (预估 0.4%),放量 2.7倍,3.04
688472,阿特斯,光伏设备,光伏、出海,光伏同池5只/热度16.1/领涨科华数据；出海同池6只/热度15.9/领涨华瓷股份,3,-1.68,-4.88,-4.88,5 天,0.4% (预估 0.4%),放量 1.6倍,1.87
688790,昂瑞微-UW,半导体,半导体,概念库未命中，回退到行业板块。,0,-4.03,-7.02,-1.03,5 天,0.4% (预估 0.4%),放量 4.7倍,1.89
688105,诺唯赞,生物制品,生物制品,生物制品同池9只/热度23.2/领涨诺唯赞,2,-2.9,-2.46,18.4,3 天,0.4% (预估 0.4%),放量 5.2倍,3.65
688007,光峰科技,消费电子,华为问界、智能驾驶系统、消费电子,华为问界同池4只/热度11.3/领涨模塑科技；智能驾驶系统同池3只/热度9.2/领涨纳芯微；消费电子同池3只/热度9.4/领涨福立旺,2,-5.43,-5.35,2.51,4 天,0.4% (预估 0.4%),放量 5.4倍,0.89
688319,欧林生物,生物制品,生物制品,概念库未命中，回退到行业板块。,0,-2.28,2.6,11.19,2 天,0.4% (预估 0.4%),放量 3.2倍,2.29
688068,热景生物,医疗器械,医疗器械,医疗器械同池10只/热度24.6/领涨华大智造,3,-2.44,-7.24,1.57,4 天,0.4% (预估 0.4%),放量 2.3倍,1.61
688548,广钢气体,电子化学品Ⅱ,设备更新、长鑫存储概念,设备更新同池4只/热度10.9/领涨广钢气体；长鑫存储概念同池2只/热度8.9/领涨华天科技,4,-5.04,-5.1,-3.83,5 天,0.4% (预估 0.4%),放量 2.8倍,8.52
688279,峰岹科技,半导体,半导体,概念库未命中，回退到行业板块。,0,-3.29,-4.36,-1.38,6 天,0.4% (预估 0.4%),放量 1.9倍,2.66
688626,翔宇医疗,医疗器械,医疗器械,医疗器械同池10只/热度26.0/领涨华大智造,2,-3.95,-3.82,6.65,3 天,0.4% (预估 0.4%),放量 4.4倍,1.07
688026,洁特生物,医疗器械,医疗器械,概念库未命中，回退到行业板块。,0,-2.74,-6.62,20.08,3 天,0.4% (预估 0.4%),放量 3.2倍,2.37
688029,南微医学,医疗器械,医疗器械,概念库未命中，回退到行业板块。,0,-0.81,-3.68,1.62,4 天,0.4% (预估 0.4%),放量 2.5倍,1.7
688639,华恒生物,化学制品,合成生物、化学制品,合成生物同池3只/热度9.7/领涨诺禾致源；化学制品同池3只/热度8.9/领涨呈和科技,1,-1.45,-4.79,3.81,4 天,0.4% (预估 0.4%),放量 2.3倍,0.7
688488,艾迪药业,生物制品,生物制品,概念库未命中，回退到行业板块。,0,-1.63,-5.42,2.28,4 天,0.4% (预估 0.4%),放量 2.3倍,0.94
688176,亚虹医药-U,化学制药,化学制药,概念库未命中，回退到行业板块。,0,-6.92,-8.11,7.95,4 天,0.4% (预估 0.4%),放量 3.8倍,2.27
688410,山外山,医疗器械,医疗器械,概念库未命中，回退到行业板块。,0,-2.35,-4.79,0.1,4 天,0.4% (预估 0.4%),放量 1.8倍,0.61
688726,拉普拉斯,光伏设备,光伏、光伏设备,光伏同池5只/热度16.1/领涨科华数据；光伏设备同池5只/热度14.2/领涨拉普拉斯,1,-1.01,2.17,-1.01,2 天,0.5% (预估 0.5%),放量 3.0倍,3.01
688049,炬芯科技,半导体,半导体,半导体同池18只/热度55.3/领涨华天科技,4,-3.5,1.04,8.73,3 天,0.5% (预估 0.5%),放量 4.1倍,3.71
688767,博拓生物,医疗器械,医疗器械,医疗器械同池10只/热度27.5/领涨华大智造,1,-3.8,-4.22,0.88,4 天,0.5% (预估 0.5%),放量 3.8倍,1.17
688385,复旦微电,半导体,半导体,半导体同池18只/热度53.4/领涨华天科技,8,-4.73,-5.29,-4.43,5 天,0.5% (预估 0.5%),放量 2.6倍,7.04
688759,必贝特-U,化学制药,化学制药,概念库未命中，回退到行业板块。,0,-3.47,-8.17,-3.39,5 天,0.5% (预估 0.5%),放量 1.7倍,0.66
688785,恒运昌,其他电源设备Ⅱ,其他电源设备Ⅱ,概念库未命中，回退到行业板块。,0,-4.11,-6.82,-6.67,5 天,0.5% (预估 0.5%),放量 2.3倍,2.37
688690,纳微科技,化学制药,化学制药,概念库未命中，回退到行业板块。,0,-1.77,-3.57,-2.2,5 天,0.5% (预估 0.5%),放量 1.8倍,3.71
688373,盟科药业-U,化学制药,化学制药,概念库未命中，回退到行业板块。,0,-3.41,-7.97,4.43,4 天,0.5% (预估 0.5%),放量 2.6倍,0.8
688222,成都先导,医疗服务,医疗服务,医疗服务同池11只/热度34.3/领涨药石科技,1,-1.15,-1.62,9.28,4 天,0.5% (预估 0.5%),放量 3.6倍,9.56
688505,复旦张江,化学制药,化学制药,概念库未命中，回退到行业板块。,0,-0.96,-2.36,7.12,4 天,0.6% (预估 0.6%),放量 2.9倍,0.7
688114,华大智造,医疗器械,医疗器械,概念库未命中，回退到行业板块。,0,-2.8,-1.57,1.21,5 天,0.6% (预估 0.6%),放量 2.8倍,7.36
688478,晶升股份,半导体,半导体,半导体同池18只/热度62.9/领涨华天科技,2,-3.87,0.64,1.18,2 天,0.6% (预估 0.6%),放量 2.9倍,3.61
688231,隆达股份,金属新材料,军工,军工同池5只/热度15.4/领涨复旦微电,1,-4.76,-5.09,3.9,4 天,0.6% (预估 0.6%),放量 1.7倍,1.63
688057,金达莱,环境治理,环境治理,概念库未命中，回退到行业板块。,0,-6.37,1.53,14.1,2 天,0.6% (预估 0.6%),放量 2.1倍,0.95
688553,汇宇制药-W,化学制药,化学制药,概念库未命中，回退到行业板块。,0,-1.39,-5.32,9.02,4 天,0.6% (预估 0.6%),放量 3.7倍,1.65
688719,爱科赛博,其他电源设备Ⅱ,其他电源设备Ⅱ,概念库未命中，回退到行业板块。,0,-4.21,0.66,1.46,2 天,0.6% (预估 0.6%),放量 1.9倍,2.88
688168,安博通,软件开发,核心城市算力、软件开发,核心城市算力同池4只/热度12.6/领涨铜牛信息；软件开发同池4只/热度10.2/领涨安博通,1,-3.1,-4.74,-2.71,5 天,0.6% (预估 0.6%),放量 1.9倍,2.56
688175,高凌信息,军工电子Ⅱ,军工电子Ⅱ,军工电子Ⅱ同池2只/热度5.3/领涨高凌信息,1,-3.35,7.92,15.36,2 天,0.6% (预估 0.6%),放量 5.8倍,2.08
688536,思瑞浦,半导体,半导体,半导体同池18只/热度66.7/领涨华天科技,1,-1.27,-3.74,-3.05,5 天,0.7% (预估 0.7%),放量 2.0倍,10.64
688789,宏华数科,专用设备,专用设备,概念库未命中，回退到行业板块。,0,-0.72,7.19,16.09,2 天,0.7% (预估 0.7%),放量 3.4倍,1.79
688200,华峰测控,半导体,半导体,半导体同池18只/热度62.9/领涨华天科技,2,-2.31,-0.18,-4.67,5 天,0.7% (预估 0.7%),放量 2.4倍,21.33
688613,奥精医疗,医疗器械,医疗器械,概念库未命中，回退到行业板块。,0,-6.97,-3.82,8.88,3 天,0.7% (预估 0.7%),放量 3.5倍,1.75
688590,新致软件,软件开发,DeepSeek概念、软件开发、大金融,DeepSeek概念同池3只/热度9.6/领涨科华数据；软件开发同池4只/热度9.2/领涨安博通；大金融同池2只/热度5.6/领涨华鑫股份,3,-1.56,-5.59,3.45,4 天,0.7% (预估 0.7%),放量 1.5倍,0.66
688443,智翔金泰-U,生物制品,生物制品,概念库未命中，回退到行业板块。,0,-1.5,-3.77,5.85,4 天,0.7% (预估 0.7%),放量 2.3倍,0.83
688680,海优新材,光伏设备,光伏、光伏设备,光伏同池5只/热度16.1/领涨科华数据；光伏设备同池5只/热度13.5/领涨拉普拉斯,2,-1.12,0.88,14.03,3 天,0.7% (预估 0.7%),放量 3.0倍,0.75
688071,华依科技,专用设备,人形机器人,人形机器人同池10只/热度30.5/领涨模塑科技,5,-1.09,-2.16,4.97,4 天,0.7% (预估 0.7%),放量 2.4倍,0.97
688499,利元亨,电池,玻璃基板、固态电池概念、钙钛矿电池,玻璃基板同池2只/热度8.4/领涨华天科技；固态电池概念同池2只/热度5.8/领涨利元亨；钙钛矿电池同池2只/热度5.6/领涨亚玛顿,3,-1.99,2.64,3.35,2 天,0.7% (预估 0.7%),放量 2.5倍,2.36
688653,康希通信,半导体,半导体,概念库未命中，回退到行业板块。,0,-4.16,-3.34,-1.99,5 天,0.7% (预估 0.7%),放量 2.3倍,2.21
688052,纳芯微,半导体,半导体,半导体同池18只/热度62.9/领涨华天科技,2,-2.71,-3.66,-1.72,5 天,0.8% (预估 0.8%),放量 1.8倍,7.31
688486,龙迅股份,半导体,半导体,半导体同池18只/热度62.9/领涨华天科技,2,-3.88,-6.08,3.43,4 天,0.8% (预估 0.8%),放量 1.9倍,2.72
688030,山石网科,软件开发,国产芯片概念,国产芯片概念同池6只/热度24.6/领涨华天科技,3,-0.11,-2.37,6.03,3 天,0.8% (预估 0.8%),放量 1.6倍,0.89
688678,福立旺,消费电子,消费电子,概念库未命中，回退到行业板块。,0,-4.2,12.45,26.66,2 天,0.8% (预估 0.8%),放量 3.0倍,12.5
688070,纵横股份,航空装备Ⅱ,低空经济,低空经济同池3只/热度8.3/领涨信测标准,1,-3.18,-1.65,6.68,4 天,0.8% (预估 0.8%),放量 1.8倍,0.73
688315,诺禾致源,医疗服务,医疗服务,医疗服务同池11只/热度34.3/领涨药石科技,1,-1.67,5.47,32.41,1 天,0.8% (预估 0.8%),放量 5.4倍,5.89
688512,慧智微-U,半导体,半导体,概念库未命中，回退到行业板块。,0,-5.63,14.97,17.0,2 天,0.9% (预估 0.9%),放量 6.4倍,7.98
688625,呈和科技,化学制品,化学制品,概念库未命中，回退到行业板块。,0,-5.72,0.34,-1.19,5 天,0.9% (预估 0.9%),放量 1.9倍,6.26
688360,德马科技,通用设备,人形机器人,人形机器人同池10只/热度30.5/领涨模塑科技,3,-1.28,2.15,7.93,4 天,0.9% (预估 0.9%),放量 2.9倍,0.98
688320,禾川科技,自动化设备,人形机器人,人形机器人同池10只/热度30.5/领涨模塑科技,2,-5.7,-3.69,4.91,4 天,1.0% (预估 1.0%),放量 2.4倍,1.93
002510,天汽模,汽车零部件,汽车零部件,汽车零部件同池12只/热度31.1/领涨模塑科技,1,-0.71,-3.28,-3.61,6 天,18.6% (预估 18.6%),放量 4.4倍,0.86
300992,泰福泵业,通用设备,出海、通用设备,出海同池6只/热度17.6/领涨华瓷股份；通用设备同池6只/热度14.6/领涨德马科技,1,-2.64,-3.11,-10.24,6 天,19.5% (预估 19.5%),放量 7.4倍,0.74
002755,奥赛康,化学制药,化学制药,概念库未命中，回退到行业板块。,0,-0.79,-6.65,10.42,3 天,19.7% (预估 19.7%),放量 4.4倍,1.06
300836,佰奥智能,专用设备,专用设备,概念库未命中，回退到行业板块。,0,-5.4,-10.76,-13.26,5 天,23.0% (预估 23.0%),放量 4.7倍,1.11
000410,沈阳机床,通用设备,通用设备、新质生产力,通用设备同池6只/热度13.9/领涨德马科技；新质生产力同池4只/热度12.3/领涨华峰测控,2,-2.1,-4.12,-8.08,5 天,24.3% (预估 24.3%),放量 4.4倍,0.87
300987,川网传媒,数字媒体,国企人工智能,国企人工智能同池2只/热度6.1/领涨铜牛信息,1,-1.89,-7.57,-7.87,6 天,24.5% (预估 24.5%),放量 3.7倍,0.85
601369,陕鼓动力,专用设备,专用设备,专用设备同池10只/热度27.2/领涨南兴股份,1,-2.27,-4.12,-4.43,5 天,24.6% (预估 24.6%),放量 6.2倍,0.9
600516,方大炭素,冶钢原料,功率半导体,功率半导体同池3只/热度11.5/领涨瑞芯微,5,-2.4,-3.64,-5.54,6 天,24.9% (预估 24.9%),放量 4.0倍,1.91
300077,国民技术,半导体,半导体,半导体同池18只/热度55.3/领涨华天科技,4,-4.26,-5.95,-3.74,5 天,27.3% (预估 27.3%),放量 3.7倍,5.55
300808,久量股份,光学光电子,地方国资,地方国资同池7只/热度18.4/领涨铜牛信息,3,-3.69,-6.52,-11.43,6 天,28.1% (预估 28.1%),放量 2.2倍,0.6
300601,康泰生物,生物制品,生物制品,概念库未命中，回退到行业板块。,0,-0.16,-1.68,5.84,4 天,29.8% (预估 29.8%),放量 2.9倍,1.52
600383,金地集团,房地产开发,房地产开发、地产链,房地产开发同池6只/热度16.6/领涨万科Ａ；地产链同池5只/热度13.1/领涨金地集团,2,-0.41,-4.0,6.67,4 天,30.5% (预估 30.5%),放量 4.0倍,2.66
300143,盈康生命,医疗服务,医疗服务,医疗服务同池11只/热度34.3/领涨药石科技,1,-0.64,-0.39,6.74,4 天,30.7% (预估 30.7%),放量 4.3倍,0.56
000402,金 融 街,房地产开发,地方国资、房地产开发,地方国资同池7只/热度18.4/领涨铜牛信息；房地产开发同池6只/热度15.6/领涨万科Ａ,3,-0.76,-6.12,3.57,4 天,30.9% (预估 30.9%),放量 3.4倍,1.36
301015,百洋医药,医药商业,创新药进度整理,创新药进度整理同池5只/热度13.9/领涨陇神戎发,1,-1.11,-5.6,-2.35,5 天,31.1% (预估 31.1%),放量 2.9倍,1.15
600793,宜宾纸业,造纸,并购重组预期概念,并购重组预期概念同池4只/热度10.9/领涨北陆药业,1,-1.94,-3.97,-3.64,5 天,31.5% (预估 31.5%),放量 2.3倍,0.58
300324,旋极信息,计算机设备,AI硬件,AI硬件同池6只/热度23.4/领涨润泽科技,5,-0.52,-7.73,13.02,3 天,31.9% (预估 31.9%),放量 13.2倍,3.52
301011,华立科技,文娱用品,谷子经济概念,谷子经济概念同池2只/热度5.0/领涨大悦城,1,-3.82,-6.0,-1.6,5 天,32.5% (预估 32.5%),放量 4.2倍,0.51
603737,三棵树,装修建材,地产链,地产链同池5只/热度13.1/领涨金地集团,1,-3.58,-5.04,0.58,4 天,33.9% (预估 33.9%),放量 2.1倍,1.24
301551,无线传媒,电视广播Ⅱ,字节跳动概念,字节跳动概念同池3只/热度11.1/领涨润泽科技,1,-3.2,-6.44,-6.32,5 天,34.3% (预估 34.3%),放量 2.6倍,1.36
301213,观想科技,军工电子Ⅱ,军工,军工同池5只/热度15.4/领涨复旦微电,1,-4.02,-10.65,6.19,4 天,34.8% (预估 34.8%),放量 4.9倍,0.85
600933,爱柯迪,汽车零部件,人形机器人、汽车零部件,人形机器人同池10只/热度30.5/领涨模塑科技；汽车零部件同池12只/热度31.1/领涨模塑科技,1,-1.1,-3.15,-3.64,5 天,35.0% (预估 35.0%),放量 3.9倍,1.37
300539,横河精密,塑料,人形机器人,人形机器人同池10只/热度30.5/领涨模塑科技,2,-2.96,-1.19,-3.87,6 天,35.1% (预估 35.1%),放量 3.7倍,1.02
605068,明新旭腾,汽车零部件,汽车零部件,概念库未命中，回退到行业板块。,0,-2.16,-1.69,4.84,4 天,36.2% (预估 36.2%),放量 1.5倍,0.81
002468,申通快递,物流,关税战概念,关税战概念同池3只/热度9.1/领涨长白山,3,-1.75,-1.62,-1.95,6 天,36.4% (预估 36.4%),放量 2.0倍,1.34
600732,爱旭股份,光伏设备,光伏设备,光伏设备同池5只/热度14.2/领涨拉普拉斯,1,-0.09,0.73,1.57,5 天,36.8% (预估 36.8%),放量 2.8倍,1.98
603236,移远通信,通信设备,稳定币概念,稳定币概念同池2只/热度7.1/领涨移远通信,3,-1.69,-6.17,-1.5,6 天,37.1% (预估 37.1%),放量 2.2倍,7.58
002891,中宠股份,饲料,宠物经济,宠物经济同池1只/热度2.8/领涨中宠股份,1,-0.07,-6.11,0.87,4 天,37.5% (预估 37.5%),放量 2.3倍,1.4
600894,广日股份,专用设备,专用设备,专用设备同池10只/热度27.2/领涨南兴股份,1,-2.06,-0.91,5.69,4 天,37.5% (预估 37.5%),放量 5.1倍,0.53
002335,科华数据,其他电源设备Ⅱ,AI硬件、国产芯片概念,AI硬件同池6只/热度23.4/领涨润泽科技；国产芯片概念同池6只/热度21.9/领涨华天科技,12,-4.55,0.46,2.53,2 天,37.8% (预估 37.8%),放量 5.8倍,8.93
601026,道生天合,风电设备,风电设备,概念库未命中，回退到行业板块。,0,-2.49,-3.63,-6.77,5 天,38.4% (预估 38.4%),放量 3.7倍,0.67
300795,米奥会展,专业服务,MR概念、专业服务,MR概念同池2只/热度7.7/领涨瑞芯微；专业服务同池2只/热度5.8/领涨信测标准,2,-2.21,-9.47,6.22,3 天,38.6% (预估 38.6%),放量 2.5倍,2.11
600577,XD精达股,电网设备,电网设备,概念库未命中，回退到行业板块。,0,-3.96,-6.99,-5.06,5 天,38.6% (预估 38.6%),放量 3.0倍,4.38
000029,深深房Ａ,房地产开发,房地产开发,概念库未命中，回退到行业板块。,0,-2.62,-3.1,-3.14,3 天,38.8% (预估 38.8%),放量 3.2倍,1.12
301315,威士顿,软件开发,新质生产力、核心城市算力,新质生产力同池4只/热度13.0/领涨华峰测控；核心城市算力同池4只/热度12.0/领涨铜牛信息,3,-0.75,-0.63,12.63,4 天,38.9% (预估 38.9%),放量 2.9倍,0.78
300670,大烨智能,电网设备,电网设备,概念库未命中，回退到行业板块。,0,-2.43,-3.21,2.55,3 天,39.5% (预估 39.5%),放量 2.4倍,0.72
002780,三夫户外,服装家纺,商业航天、冰雪旅游概念、服装家纺,商业航天同池2只/热度6.0/领涨旋极信息；冰雪旅游概念同池2只/热度5.8/领涨长白山；服装家纺同池2只/热度4.6/领涨三夫户外,2,-0.47,0.27,5.4,4 天,39.6% (预估 39.6%),放量 2.5倍,0.85
003041,真爱美家,服装家纺,出海,出海同池6只/热度17.6/领涨华瓷股份,1,-6.37,-12.01,-7.95,5 天,39.8% (预估 39.8%),放量 3.4倍,0.85
300683,海特生物,医疗服务,医疗服务,医疗服务同池11只/热度34.3/领涨药石科技,1,-1.35,-5.63,-1.0,6 天,39.8% (预估 39.8%),放量 2.1倍,0.7
603268,松发股份,航海装备Ⅱ,航海装备Ⅱ,概念库未命中，回退到行业板块。,0,-1.83,-3.22,1.9,4 天,39.9% (预估 39.9%),放量 2.0倍,9.29
301198,喜悦智行,包装印刷,包装印刷,概念库未命中，回退到行业板块。,0,-5.78,-6.35,13.61,3 天,40.4% (预估 40.4%),放量 4.7倍,0.69
300401,花园生物,化学制药,化学制药,化学制药同池11只/热度29.7/领涨北陆药业,1,-4.51,-7.02,-7.36,6 天,40.5% (预估 40.5%),放量 2.2倍,3.02
301528,多浦乐,通用设备,通用设备,通用设备同池6只/热度14.6/领涨德马科技,1,-2.85,-4.4,-4.05,5 天,40.7% (预估 40.7%),放量 2.0倍,0.89
600303,曙光股份,商用车,商用车,概念库未命中，回退到行业板块。,0,-0.98,-3.21,1.34,4 天,41.1% (预估 41.1%),放量 2.9倍,0.82
301381,赛维时代,互联网电商,出海,出海同池6只/热度17.6/领涨华瓷股份,1,-1.53,-4.6,-0.75,6 天,41.1% (预估 41.1%),放量 2.5倍,1.19
300097,智云股份,自动化设备,自动化设备,概念库未命中，回退到行业板块。,0,-1.67,-9.16,-7.65,5 天,41.3% (预估 41.3%),放量 2.8倍,1.59
001312,福恩股份,纺织制造,纺织制造,概念库未命中，回退到行业板块。,0,-2.83,-1.6,-4.24,5 天,41.4% (预估 41.4%),放量 5.3倍,0.56
603108,润达医疗,医疗服务,医疗服务,医疗服务同池11只/热度32.4/领涨药石科技,2,-1.8,-3.64,2.08,4 天,41.7% (预估 41.7%),放量 2.4倍,1.14
301393,昊帆生物,生物制品,生物制品,生物制品同池9只/热度24.5/领涨诺唯赞,1,-1.39,0.56,9.28,2 天,41.8% (预估 41.8%),放量 3.6倍,2.35
003030,祖名股份,农产品加工,新消费,新消费同池2只/热度5.1/领涨大悦城,1,-2.42,-4.86,0.15,3 天,42.5% (预估 42.5%),放量 2.0倍,0.64
002623,亚玛顿,光伏设备,电力、光伏,电力同池4只/热度14.1/领涨科华数据；光伏同池5只/热度14.4/领涨科华数据,5,-1.42,-2.9,1.4,4 天,43.5% (预估 43.5%),放量 7.3倍,2.45
600621,华鑫股份,证券Ⅱ,大金融,大金融同池2只/热度5.6/领涨华鑫股份,1,-1.09,-3.07,-3.69,5 天,44.5% (预估 44.5%),放量 4.3倍,2.56
301181,标榜股份,汽车零部件,汽车零部件,概念库未命中，回退到行业板块。,0,-2.43,-2.17,10.04,4 天,44.7% (预估 44.7%),放量 3.1倍,0.62
300016,北陆药业,化学制药,化学制药,化学制药同池11只/热度29.7/领涨北陆药业,1,-3.56,0.32,15.17,2 天,45.1% (预估 45.1%),放量 5.0倍,3.94
300938,信测标准,专业服务,小米机器人,小米机器人同池4只/热度14.1/领涨瑞芯微,3,-3.47,-5.96,-6.74,6 天,45.5% (预估 45.5%),放量 3.2倍,3.4
300966,共同药业,化学制药,化学制药,化学制药同池11只/热度29.7/领涨北陆药业,1,-2.9,-4.55,3.04,4 天,45.9% (预估 45.9%),放量 2.5倍,0.53
000031,大悦城,房地产开发,服务消费概念、房地产开发,服务消费概念同池5只/热度14.3/领涨迪安诊断；房地产开发同池6只/热度15.6/领涨万科Ａ,3,-0.44,-5.42,1.79,4 天,46.1% (预估 46.1%),放量 2.2倍,1.04
603893,瑞芯微,半导体,半导体,半导体同池18只/热度53.4/领涨华天科技,8,-3.55,-2.99,11.18,3 天,46.2% (预估 46.2%),放量 2.9倍,24.75
600587,新华医疗,医疗器械,医疗器械,概念库未命中，回退到行业板块。,0,-1.16,-4.76,5.09,4 天,46.3% (预估 46.3%),放量 6.6倍,1.48
001282,三联锻造,汽车零部件,汽车零部件,汽车零部件同池12只/热度27.9/领涨模塑科技,3,-0.18,1.52,7.32,4 天,47.0% (预估 47.0%),放量 5.0倍,0.71
301233,盛帮股份,汽车零部件,汽车零部件,概念库未命中，回退到行业板块。,0,-2.09,3.03,11.4,2 天,47.4% (预估 47.4%),放量 4.3倍,0.61
300238,冠昊生物,医疗器械,医疗器械,医疗器械同池10只/热度24.6/领涨华大智造,3,-0.83,-1.25,5.69,4 天,47.6% (预估 47.6%),放量 2.8倍,0.52
001322,箭牌家居,家居用品,家居用品,概念库未命中，回退到行业板块。,0,-2.46,-8.63,3.25,3 天,47.8% (预估 47.8%),放量 5.8倍,0.51
603009,北特科技,汽车零部件,人形机器人、汽车零部件,人形机器人同池10只/热度30.5/领涨模塑科技；汽车零部件同池12只/热度31.1/领涨模塑科技,1,-2.48,-5.28,-6.74,6 天,48.0% (预估 48.0%),放量 1.9倍,2.63
300931,通用电梯,专用设备,专用设备,专用设备同池10只/热度25.8/领涨南兴股份,2,-2.63,6.18,0.89,2 天,48.4% (预估 48.4%),放量 7.3倍,4.0
301303,真兰仪表,通用设备,通用设备,概念库未命中，回退到行业板块。,0,-3.94,-0.29,-0.22,6 天,48.9% (预估 48.9%),放量 4.9倍,0.63
600626,申达股份,汽车零部件,汽车零部件,汽车零部件同池12只/热度31.1/领涨模塑科技,1,-1.31,-1.83,2.17,4 天,49.1% (预估 49.1%),放量 3.0倍,0.52
001332,锡装股份,专用设备,专用设备,专用设备同池10只/热度27.2/领涨南兴股份,1,-2.68,-5.63,-8.44,5 天,49.2% (预估 49.2%),放量 3.5倍,0.68
301225,恒勃股份,汽车零部件,汽车零部件,汽车零部件同池12只/热度31.1/领涨模塑科技,1,-3.94,-6.05,-3.41,6 天,49.3% (预估 49.3%),放量 2.2倍,1.82
002774,快意电梯,专用设备,专用设备,概念库未命中，回退到行业板块。,0,-4.7,-4.7,-6.99,6 天,49.8% (预估 49.8%),放量 2.3倍,1.67
300895,铜牛信息,IT服务Ⅱ,AI硬件、地方国资,AI硬件同池6只/热度23.4/领涨润泽科技；地方国资同池7只/热度17.5/领涨铜牛信息,8,-5.71,0.17,4.69,2 天,50.4% (预估 50.4%),放量 2.8倍,4.05
300442,润泽科技,通信服务,AI硬件,AI硬件同池6只/热度23.4/领涨润泽科技,4,-4.35,-2.52,2.78,3 天,50.5% (预估 50.5%),放量 3.1倍,15.46
301060,兰卫医学,医疗服务,医疗服务,概念库未命中，回退到行业板块。,0,-0.08,-0.75,7.83,4 天,51.0% (预估 51.0%),放量 2.2倍,1.61
002185,华天科技,半导体,半导体,半导体同池18只/热度53.4/领涨华天科技,8,-3.36,-7.06,-5.77,5 天,51.1% (预估 51.1%),放量 2.3倍,32.18
300461,田中精机,自动化设备,人形机器人,人形机器人同池10只/热度30.5/领涨模塑科技,1,-1.78,-0.2,6.2,6 天,51.4% (预估 51.4%),放量 2.2倍,2.08
300001,特锐德,电网设备,电力,电力同池4只/热度14.1/领涨科华数据,4,-1.73,0.99,6.86,3 天,51.8% (预估 51.8%),放量 2.4倍,3.87
603099,长白山,旅游及景区,服务消费概念,服务消费概念同池5只/热度13.5/领涨迪安诊断,4,-2.78,1.58,3.41,4 天,51.8% (预估 51.8%),放量 3.5倍,4.53
301339,通行宝,计算机设备,华为鸿蒙、计算机设备、稳定币概念,华为鸿蒙同池3只/热度8.3/领涨通行宝；计算机设备同池3只/热度7.7/领涨旋极信息；稳定币概念同池2只/热度6.8/领涨移远通信,3,-6.25,6.14,14.12,1 天,51.9% (预估 51.9%),放量 7.7倍,2.42
000411,英特集团,医药商业,地方国资,地方国资同池7只/热度18.4/领涨铜牛信息,1,-3.07,1.2,2.02,1 天,52.3% (预估 52.3%),放量 5.3倍,0.8
300404,博济医药,医疗服务,医疗服务,医疗服务同池11只/热度34.3/领涨药石科技,1,-1.45,-4.24,6.19,4 天,52.3% (预估 52.3%),放量 2.2倍,4.86
301595,太力科技,家居用品,家居用品,概念库未命中，回退到行业板块。,0,-5.45,4.51,2.97,2 天,52.4% (预估 52.4%),放量 2.9倍,1.15
300977,深圳瑞捷,工程咨询服务Ⅱ,房屋养老金概念,房屋养老金概念同池1只/热度2.5/领涨深圳瑞捷,1,-3.18,0.75,5.29,2 天,52.8% (预估 52.8%),放量 2.7倍,0.75
002791,坚朗五金,装修建材,地产链,地产链同池5只/热度13.1/领涨金地集团,1,-2.39,-1.69,4.35,4 天,53.3% (预估 53.3%),放量 2.2倍,0.51
300244,迪安诊断,医疗服务,医疗服务,医疗服务同池11只/热度34.3/领涨药石科技,1,-2.12,-3.92,7.05,4 天,53.6% (预估 53.6%),放量 2.4倍,5.08
603280,南方路机,工程机械,设备更新,设备更新同池4只/热度12.8/领涨广钢气体,2,-3.18,5.67,5.5,1 天,53.9% (预估 53.9%),放量 5.0倍,0.97
000700,模塑科技,汽车零部件,人形机器人,人形机器人同池10只/热度30.5/领涨模塑科技,4,-2.97,-0.58,1.6,6 天,54.5% (预估 54.5%),放量 2.4倍,6.45
301499,维科精密,汽车零部件,汽车零部件,汽车零部件同池12只/热度29.5/领涨模塑科技,2,-2.8,-1.38,2.72,4 天,54.7% (预估 54.7%),放量 4.2倍,0.66
600992,贵绳股份,通用设备,军工、通用设备,军工同池5只/热度15.4/领涨复旦微电；通用设备同池6只/热度14.6/领涨德马科技,1,-0.58,-0.68,6.24,4 天,55.0% (预估 55.0%),放量 4.1倍,0.86
300725,药石科技,医疗服务,医疗服务,概念库未命中，回退到行业板块。,0,-0.96,-3.59,9.23,3 天,55.5% (预估 55.5%),放量 2.2倍,9.84
300534,陇神戎发,中药Ⅱ,创新药进度整理,创新药进度整理同池5只/热度13.9/领涨陇神戎发,1,-6.07,-9.91,1.64,4 天,55.6% (预估 55.6%),放量 1.9倍,5.77
301257,普蕊斯,医疗服务,医疗服务,概念库未命中，回退到行业板块。,0,-0.81,-3.0,1.99,4 天,55.8% (预估 55.8%),放量 1.5倍,1.31
001376,百通能源,电力,电力,电力同池4只/热度14.1/领涨科华数据,1,-3.96,-2.48,-0.47,1 天,56.4% (预估 56.4%),放量 2.9倍,3.09
300644,南京聚隆,塑料,低空经济,低空经济同池3只/热度8.3/领涨信测标准,2,-3.82,-1.72,6.56,4 天,56.9% (预估 56.9%),放量 2.9倍,0.54
600661,昂立教育,教育,教培,教培同池1只/热度2.8/领涨昂立教育,1,-3.77,2.91,9.13,1 天,57.4% (预估 57.4%),放量 4.1倍,1.27
301008,宏昌科技,家电零部件Ⅱ,人形机器人,人形机器人同池10只/热度30.5/领涨模塑科技,2,-4.71,3.22,22.54,2 天,57.6% (预估 57.6%),放量 2.1倍,6.18
000002,万  科Ａ,房地产开发,房地产开发,概念库未命中，回退到行业板块。,0,-1.33,-2.62,11.75,4 天,58.0% (预估 58.0%),放量 6.1倍,16.79
002757,南兴股份,专用设备,专用设备,专用设备同池10只/热度25.8/领涨南兴股份,2,-3.25,-5.49,6.05,3 天,58.7% (预估 58.7%),放量 2.3倍,4.43
300835,龙磁科技,金属新材料,金属新材料,金属新材料同池2只/热度6.0/领涨龙磁科技,2,-2.19,-3.85,-0.65,5 天,60.8% (预估 60.8%),放量 1.9倍,5.54
001216,华瓷股份,家居用品,出海,出海同池6只/热度16.8/领涨华瓷股份,2,-1.27,5.93,28.21,2 天,61.1% (预估 61.1%),放量 21.7倍,9.82
600748,上实发展,房地产开发,地方国资、房地产开发、地产链,地方国资同池7只/热度18.4/领涨铜牛信息；房地产开发同池6只/热度16.6/领涨万科Ａ；地产链同池5只/热度12.5/领涨金地集团,2,-1.26,-1.51,1.3,4 天,61.3% (预估 61.3%),放量 1.8倍,0.51
001288,运机集团,专用设备,专用设备,概念库未命中，回退到行业板块。,0,-3.56,5.69,12.45,2 天,61.5% (预估 61.5%),放量 2.3倍,1.77
002869,金溢科技,计算机设备,华为鸿蒙、计算机设备、车路云一体化,华为鸿蒙同池3只/热度8.3/领涨通行宝；计算机设备同池3只/热度8.2/领涨旋极信息；车路云一体化同池2只/热度5.4/领涨通行宝,2,-0.65,-4.02,7.81,4 天,61.7% (预估 61.7%),放量 3.6倍,0.77
600539,狮头股份,互联网电商,互联网电商,概念库未命中，回退到行业板块。,0,-5.67,2.54,6.31,2 天,62.1% (预估 62.1%),放量 2.8倍,2.26
001260,坤泰股份,汽车零部件,汽车零部件,概念库未命中，回退到行业板块。,0,-0.26,-5.37,6.26,3 天,62.2% (预估 62.2%),放量 4.1倍,0.73
001215,千味央厨,食品加工,食品加工,概念库未命中，回退到行业板块。,0,-2.22,-2.57,7.13,4 天,62.3% (预估 62.3%),放量 1.9倍,0.57
300947,德必集团,一般零售,地产链,地产链同池5只/热度13.1/领涨金地集团,2,-2.62,-2.12,5.48,4 天,62.4% (预估 62.4%),放量 1.7倍,0.64
605566,福莱蒽特,化学制品,化学制品,概念库未命中，回退到行业板块。,0,-2.47,1.11,15.68,2 天,64.9% (预估 64.9%),放量 2.7倍,2.07
