代码,名称,板块,相关概念/板块,概念匹配说明,概念库命中数,涨跌幅(%),3日涨幅(%),5日涨幅(%),增量倍数,今日成交额(亿),常态均额(亿),逻辑标签
000678,襄阳轴承,汽车零部件,汽车零部件,汽车零部件同池8只/热度136.6/领涨襄阳轴承,1,9.98,33.16,44.99,12.86,10.75,0.84,强势放量突破
002866,传艺科技,消费电子,储能概念,储能概念同池3只/热度50.2/领涨传艺科技,1,10.03,18.18,16.07,8.98,5.77,0.64,强势放量突破
601238,广汽集团,乘用车,地方国资,地方国资同池8只/热度106.7/领涨广汽集团,3,4.29,13.62,12.31,8.44,11.89,1.41,趋势放量异动
301513,尚水智能,电池,电池,概念库未命中，回退到行业板块。,0,9.92,26.7,24.41,8.26,4.62,0.56,强势放量突破
603982,泉峰汽车,汽车零部件,汽车零部件,汽车零部件同池8只/热度136.6/领涨襄阳轴承,1,4.48,6.95,7.63,7.44,2.37,0.32,趋势放量异动
002513,蓝丰生化,农化制品,农化制品,概念库未命中，回退到行业板块。,0,7.13,10.36,9.12,6.98,2.82,0.4,强势放量突破
301560,众捷汽车,汽车零部件,汽车零部件,概念库未命中，回退到行业板块。,0,11.75,29.57,53.9,6.26,5.82,0.93,强势放量突破
002262,恩华药业,化学制药,化学制药、创新药进度整理,化学制药同池15只/热度125.2/领涨恩华药业；创新药进度整理同池10只/热度106.8/领涨恩华药业,2,5.72,7.42,4.08,6.14,6.7,1.09,强势放量突破
300893,松原安全,汽车零部件,汽车零部件,概念库未命中，回退到行业板块。,0,19.98,10.2,7.46,6.13,3.23,0.53,强势放量突破
600081,东风科技,汽车零部件,汽车零部件,汽车零部件同池8只/热度127.1/领涨襄阳轴承,2,9.99,11.12,13.78,6.11,1.96,0.32,强势放量突破
300890,翔丰华,电池,锂电池材料、电池,锂电池材料同池5只/热度72.1/领涨盟固利；电池同池7只/热度76.6/领涨尚水智能,5,6.29,10.02,8.86,5.85,5.38,0.92,强势放量突破
301525,儒竞科技,通用设备,通用设备,概念库未命中，回退到行业板块。,0,11.3,10.33,9.22,5.71,2.94,0.52,强势放量突破
000011,深物业A,房地产开发,地方国资、地产链,地方国资同池8只/热度106.7/领涨广汽集团；地产链同池7只/热度90.3/领涨深物业A,3,9.97,33.04,27.23,5.6,9.71,1.74,强势放量突破
600131,国网信通,IT服务Ⅱ,电力,电力同池5只/热度60.2/领涨国网信通,2,10.01,9.3,6.51,5.45,4.02,0.74,强势放量突破
002244,滨江集团,房地产开发,地产链、房地产开发,地产链同池7只/热度96.5/领涨深物业A；房地产开发同池8只/热度106.6/领涨深物业A,1,7.19,21.88,15.89,5.42,16.89,3.12,强势放量突破
601811,新华文轩,出版,出版,概念库未命中，回退到行业板块。,0,3.68,3.78,25.56,5.39,12.29,2.28,趋势放量异动
301487,盟固利,电池,电池、锂电池材料,电池同池7只/热度100.9/领涨尚水智能；锂电池材料同池5只/热度72.1/领涨盟固利,1,8.47,10.14,7.52,5.21,8.07,1.55,强势放量突破
300717,华信新材,塑料,塑料,概念库未命中，回退到行业板块。,0,5.42,7.66,9.19,5.21,2.2,0.42,强势放量突破
300804,广康生化,农化制品,农化制品,农化制品同池2只/热度35.7/领涨广康生化,1,12.48,21.09,23.66,5.04,3.11,0.62,强势放量突破
603590,康辰药业,生物制品,创新药进度整理、生物制品,创新药进度整理同池10只/热度106.8/领涨恩华药业；生物制品同池10只/热度108.3/领涨百普赛斯,1,10.0,9.29,7.18,4.55,1.93,0.43,强势放量突破
600848,上海临港,房地产开发,地产链、房地产开发,地产链同池7只/热度96.5/领涨深物业A；房地产开发同池8只/热度99.3/领涨深物业A,2,4.02,6.47,4.26,4.5,2.58,0.57,趋势放量异动
002043,兔 宝 宝,装修建材,装修建材,概念库未命中，回退到行业板块。,0,5.72,5.44,6.0,4.5,4.59,1.02,强势放量突破
603200,上海洗霸,环境治理,固态电池概念,固态电池概念同池5只/热度70.1/领涨上海洗霸,1,10.01,16.75,13.5,4.39,10.64,2.42,强势放量突破
002419,天虹股份,一般零售,关税战概念、复苏消费概念,关税战概念同池4只/热度57.8/领涨恩华药业；复苏消费概念同池4只/热度48.3/领涨天虹股份,3,9.94,11.87,9.23,4.33,2.55,0.59,强势放量突破
300450,先导智能,电池,电池、商业航天,电池同池7只/热度93.9/领涨尚水智能；商业航天同池6只/热度77.5/领涨雷曼光电,2,3.5,8.81,8.17,4.32,40.97,9.49,趋势放量异动
000002,万  科Ａ,房地产开发,房地产开发,概念库未命中，回退到行业板块。,0,4.41,13.3,11.81,4.19,51.58,12.31,趋势放量异动
301017,漱玉平民,医药商业,海峡两岸,海峡两岸同池4只/热度45.7/领涨龙溪股份,4,5.7,12.0,14.59,4.19,2.84,0.68,强势放量突破
002962,五方光电,光学光电子,光学光电子、玻璃基板,光学光电子同池5只/热度61.1/领涨五方光电；玻璃基板同池4只/热度53.1/领涨五方光电,1,10.0,20.49,18.55,4.16,5.58,1.34,强势放量突破
600383,金地集团,房地产开发,地产链、房地产开发,地产链同池7只/热度96.5/领涨深物业A；房地产开发同池8只/热度99.3/领涨深物业A,2,7.45,13.69,9.6,3.96,12.59,3.18,强势放量突破
603906,龙蟠科技,电池,电池,电池同池7只/热度76.6/领涨尚水智能,5,9.99,8.06,4.73,3.91,6.88,1.76,强势放量突破
300162,雷曼光电,光学光电子,商业航天、玻璃基板,商业航天同池6只/热度72.5/领涨雷曼光电；玻璃基板同池4只/热度53.1/领涨五方光电,3,7.92,18.88,16.01,3.77,8.08,2.15,强势放量突破
000498,山东路桥,基础建设,基础建设,概念库未命中，回退到行业板块。,0,4.63,3.89,15.1,3.74,3.0,0.8,趋势放量异动
603073,彩蝶实业,化学纤维,化学纤维,概念库未命中，回退到行业板块。,0,5.88,10.59,20.28,3.74,1.85,0.49,强势放量突破
002226,江南化工,化学制品,化学制品、并购重组预期概念,化学制品同池4只/热度46.4/领涨江南化工；并购重组预期概念同池3只/热度41.1/领涨江南化工,2,10.1,7.01,-2.02,3.73,4.12,1.1,强势放量突破
301190,善水科技,化学原料,农药,农药同池1只/热度22.6/领涨善水科技,1,20.01,72.82,75.61,3.7,5.1,1.38,强势放量突破
600418,江淮汽车,商用车,设备更新,设备更新同池6只/热度67.4/领涨江淮汽车,2,5.49,19.8,28.85,3.67,74.93,20.44,强势放量突破
300107,建新股份,化学制品,化学制品,化学制品同池4只/热度49.8/领涨江南化工,1,5.8,7.73,5.96,3.58,1.52,0.43,强势放量突破
000692,惠天热电,电力,电力,概念库未命中，回退到行业板块。,0,10.07,11.41,9.81,3.56,1.71,0.48,强势放量突破
002372,伟星新材,装修建材,装修建材,概念库未命中，回退到行业板块。,0,5.68,6.98,6.85,3.55,1.9,0.54,强势放量突破
605287,德才股份,装修装饰Ⅱ,装修装饰Ⅱ,概念库未命中，回退到行业板块。,0,10.0,5.56,2.52,3.49,2.8,0.8,强势放量突破
603919,金徽酒,白酒Ⅱ,复苏消费概念、白酒Ⅱ,复苏消费概念同池4只/热度51.5/领涨天虹股份；白酒Ⅱ同池5只/热度44.2/领涨金徽酒,1,9.99,9.78,4.13,3.42,2.16,0.63,强势放量突破
600719,大连热电,电力,电力,电力同池5只/热度56.4/领涨国网信通,1,6.6,18.0,8.05,3.31,5.86,1.77,强势放量突破
600592,龙溪股份,通用设备,地方国资,地方国资同池8只/热度93.1/领涨广汽集团,5,9.98,9.16,11.65,3.29,2.97,0.9,强势放量突破
301662,宏工科技,电池,电池、固态电池概念,电池同池7只/热度100.9/领涨尚水智能；固态电池概念同池5只/热度70.1/领涨上海洗霸,1,5.48,13.02,10.32,3.17,6.35,2.0,强势放量突破
002550,千红制药,化学制药,化学制药、创新药进度整理,化学制药同池15只/热度134.0/领涨恩华药业；创新药进度整理同池10只/热度106.8/领涨恩华药业,1,4.11,3.62,0.61,3.14,1.82,0.58,趋势放量异动
301218,华是科技,IT服务Ⅱ,IT服务Ⅱ,IT服务Ⅱ同池3只/热度40.4/领涨华是科技,2,15.84,38.83,45.95,3.14,16.08,5.12,强势放量突破
605366,宏柏新材,化学制品,涨价概念,涨价概念同池4只/热度50.3/领涨龙蟠科技,4,6.77,12.91,20.77,3.13,9.11,2.91,强势放量突破
600064,南京高科,房地产开发,房地产开发,房地产开发同池8只/热度106.6/领涨深物业A,1,3.74,5.51,4.01,3.13,3.55,1.13,趋势放量异动
002273,水晶光电,光学光电子,商业航天、玻璃基板,商业航天同池6只/热度72.5/领涨雷曼光电；玻璃基板同池4只/热度53.1/领涨五方光电,6,3.79,-3.06,-5.61,3.09,21.82,7.06,趋势放量异动
600663,陆家嘴,房地产开发,地方国资、地产链,地方国资同池8只/热度106.7/领涨广汽集团；地产链同池7只/热度90.3/领涨深物业A,4,10.01,16.07,14.24,3.08,3.51,1.14,强势放量突破
600657,信达地产,房地产开发,房地产开发,房地产开发同池8只/热度106.6/领涨深物业A,1,5.03,16.01,9.57,3.07,6.96,2.27,强势放量突破
002382,蓝帆医疗,医疗器械,医疗器械,概念库未命中，回退到行业板块。,0,3.61,6.22,6.04,3.03,1.92,0.64,趋势放量异动
603185,弘元绿能,光伏设备,光伏、破净整理、光伏设备,光伏同池3只/热度36.3/领涨先导智能；破净整理同池2只/热度32.2/领涨广汽集团；光伏设备同池3只/热度29.8/领涨弘元绿能,2,10.02,8.84,5.5,3.01,2.45,0.81,强势放量突破
002164,宁波东力,通用设备,人形机器人、通用设备,人形机器人同池5只/热度56.5/领涨宁波东力；通用设备同池4只/热度53.1/领涨儒竞科技,1,10.04,1.53,12.95,2.99,6.49,2.17,强势放量突破
603833,欧派家居,家居用品,家居用品,概念库未命中，回退到行业板块。,0,4.06,7.25,6.53,2.98,2.24,0.75,趋势放量异动
300981,中红医疗,医疗器械,医疗器械,概念库未命中，回退到行业板块。,0,13.41,15.28,7.98,2.97,7.39,2.49,强势放量突破
603188,亚邦股份,化学制品,涨价概念、化学制品、并购重组预期概念,涨价概念同池4只/热度50.3/领涨龙蟠科技；化学制品同池4只/热度46.4/领涨江南化工；并购重组预期概念同池3只/热度38.5/领涨江南化工,2,9.98,20.0,17.14,2.96,1.72,0.58,强势放量突破
600732,爱旭股份,光伏设备,光伏设备,光伏设备同池3只/热度32.0/领涨弘元绿能,1,6.34,4.99,5.86,2.94,5.82,1.98,强势放量突破
001266,宏英智能,自动化设备,商业航天,商业航天同池6只/热度77.5/领涨雷曼光电,1,9.99,12.25,5.85,2.91,3.09,1.06,强势放量突破
300122,智飞生物,生物制品,生物制品,生物制品同池10只/热度108.3/领涨百普赛斯,1,6.88,7.46,4.72,2.87,9.88,3.44,强势放量突破
301079,邵阳液压,工程机械,商业航天,商业航天同池6只/热度77.5/领涨雷曼光电,3,4.57,0.98,2.53,2.86,2.03,0.71,趋势放量异动
002761,浙江建投,房屋建设Ⅱ,地方国资、地产链,地方国资同池8只/热度106.7/领涨广汽集团；地产链同池7只/热度90.3/领涨深物业A,3,3.92,6.22,5.06,2.74,2.01,0.74,趋势放量异动
600802,福建水泥,水泥,地方国资,地方国资同池8只/热度106.7/领涨广汽集团,3,4.32,9.37,32.36,2.72,7.62,2.8,趋势放量异动
603737,三棵树,装修建材,地产链,地产链同池7只/热度96.5/领涨深物业A,1,3.8,5.35,3.76,2.68,4.43,1.65,趋势放量异动
301166,优宁维,生物制品,生物制品,概念库未命中，回退到行业板块。,0,7.25,7.06,9.88,2.62,1.62,0.62,强势放量突破
601965,中国汽研,专业服务,新能车检概念,新能车检概念同池1只/热度8.7/领涨中国汽研,1,4.14,4.06,4.46,2.61,1.58,0.6,趋势放量异动
300601,康泰生物,生物制品,生物制品,概念库未命中，回退到行业板块。,0,6.18,5.43,3.82,2.53,4.7,1.86,强势放量突破
600072,中船科技,风电设备,设备更新、军工,设备更新同池6只/热度63.1/领涨江淮汽车；军工同池2只/热度45.6/领涨襄阳轴承,3,9.98,10.6,8.62,2.49,4.25,1.71,强势放量突破
300904,威力传动,风电设备,设备更新,设备更新同池6只/热度67.4/领涨江淮汽车,1,8.31,8.17,17.52,2.49,2.34,0.94,强势放量突破
001211,双枪科技,家居用品,家居用品,概念库未命中，回退到行业板块。,0,6.72,14.95,15.36,2.3,2.83,1.23,强势放量突破
605100,华丰股份,通用设备,固态电池概念、通用设备,固态电池概念同池5只/热度70.1/领涨上海洗霸；通用设备同池4只/热度53.1/领涨儒竞科技,1,3.7,6.16,4.49,2.29,2.89,1.26,趋势放量异动
600161,天坛生物,生物制品,生物制品,概念库未命中，回退到行业板块。,0,3.88,4.05,1.86,2.28,2.68,1.18,趋势放量异动
301310,鑫宏业,汽车零部件,汽车零部件,汽车零部件同池8只/热度117.7/领涨襄阳轴承,3,5.21,11.05,10.79,2.26,6.85,3.04,强势放量突破
002242,九阳股份,小家电,复苏消费概念、高股息,复苏消费概念同池4只/热度51.5/领涨天虹股份；高股息同池4只/热度53.4/领涨深物业A,3,10.04,33.12,31.03,2.25,4.37,1.94,强势放量突破
300905,宝丽迪,化学纤维,锂电池材料,锂电池材料同池5只/热度67.4/领涨盟固利,2,9.04,10.64,6.14,2.23,7.12,3.2,强势放量突破
000756,新华制药,化学制药,化学制药、创新药进度整理,化学制药同池15只/热度125.2/领涨恩华药业；创新药进度整理同池10只/热度106.8/领涨恩华药业,2,4.43,4.89,-9.54,2.23,8.02,3.6,趋势放量异动
300182,捷成股份,影视院线,国产芯片概念,国产芯片概念同池1只/热度8.9/领涨捷成股份,6,3.55,6.92,2.14,2.2,10.01,4.54,趋势放量异动
300199,翰宇药业,化学制药,创新药进度整理、化学制药,创新药进度整理同池10只/热度106.8/领涨恩华药业；化学制药同池15只/热度103.0/领涨恩华药业,6,4.96,2.66,0.29,2.19,18.77,8.58,趋势放量异动
300142,沃森生物,生物制品,创新药进度整理、生物制品,创新药进度整理同池10只/热度106.8/领涨恩华药业；生物制品同池10只/热度108.3/领涨百普赛斯,1,5.49,4.79,1.5,2.18,21.83,10.03,强势放量突破
600585,海螺水泥,水泥,水泥,概念库未命中，回退到行业板块。,0,3.92,4.23,3.06,2.17,6.89,3.17,趋势放量异动
000682,东方电子,电网设备,电力,电力同池5只/热度60.2/领涨国网信通,4,3.71,2.12,-1.3,2.15,1.7,0.79,趋势放量异动
300647,超频三,消费电子,消费电子,消费电子同池2只/热度33.7/领涨传艺科技,1,3.72,5.02,18.26,2.1,8.82,4.2,趋势放量异动
002020,京新药业,化学制药,化学制药、创新药进度整理,化学制药同池15只/热度125.2/领涨恩华药业；创新药进度整理同池10只/热度106.8/领涨恩华药业,2,4.32,5.16,1.72,2.1,2.67,1.27,趋势放量异动
603816,顾家家居,家居用品,家居用品,概念库未命中，回退到行业板块。,0,3.66,5.59,6.25,2.1,2.53,1.21,趋势放量异动
300853,申昊科技,电网设备,人形机器人,人形机器人同池5只/热度56.5/领涨宁波东力,2,4.5,2.51,-1.77,2.08,2.28,1.1,趋势放量异动
600707,彩虹股份,光学光电子,光学光电子、玻璃基板,光学光电子同池5只/热度61.1/领涨五方光电；玻璃基板同池4只/热度53.1/领涨五方光电,1,5.33,6.22,5.55,2.07,27.79,13.43,强势放量突破
600438,通威股份,光伏设备,光伏,光伏同池3只/热度34.0/领涨先导智能,6,4.07,3.6,-1.71,2.06,6.36,3.1,趋势放量异动
002176,江特电机,电机Ⅱ,锂电池材料、人形机器人,锂电池材料同池5只/热度67.4/领涨盟固利；人形机器人同池5只/热度56.5/领涨宁波东力,2,5.0,3.86,0.12,2.05,5.18,2.53,强势放量突破
300737,科顺股份,装修建材,装修建材,概念库未命中，回退到行业板块。,0,4.77,5.69,-1.63,2.03,2.08,1.03,趋势放量异动
301047,义翘神州,生物制品,生物制品,生物制品同池10只/热度93.7/领涨百普赛斯,3,10.99,8.27,16.72,2.02,23.03,11.39,强势放量突破
603127,昭衍新药,医疗服务,医疗服务,概念库未命中，回退到行业板块。,0,10.0,6.27,6.9,1.92,26.47,13.79,强势放量突破
000568,泸州老窖,白酒Ⅱ,白酒Ⅱ,白酒Ⅱ同池5只/热度41.3/领涨金徽酒,2,4.18,2.31,1.12,1.89,10.14,5.35,趋势放量异动
002755,奥赛康,化学制药,化学制药,概念库未命中，回退到行业板块。,0,9.98,7.54,1.19,1.89,2.48,1.32,强势放量突破
600645,中源协和,生物制品,生物制品,生物制品同池10只/热度101.0/领涨百普赛斯,2,3.58,2.64,0.62,1.89,2.3,1.22,趋势放量异动
000596,古井贡酒,白酒Ⅱ,白酒Ⅱ,概念库未命中，回退到行业板块。,0,5.08,2.06,-2.41,1.87,4.87,2.61,强势放量突破
002928,华夏航空,航空机场,航空机场,概念库未命中，回退到行业板块。,0,4.08,2.74,-0.93,1.86,2.57,1.38,趋势放量异动
301119,正强股份,汽车零部件,汽车零部件,汽车零部件同池8只/热度136.6/领涨襄阳轴承,1,6.25,3.17,4.73,1.84,1.53,0.83,强势放量突破
301080,百普赛斯,生物制品,生物制品,生物制品同池10只/热度108.3/领涨百普赛斯,1,14.69,16.19,18.75,1.83,28.1,15.4,强势放量突破
300434,金石亚药,化学制药,化学制药、创新药进度整理,化学制药同池15只/热度134.0/领涨恩华药业；创新药进度整理同池10只/热度106.8/领涨恩华药业,1,4.28,4.11,2.05,1.79,5.6,3.13,趋势放量异动
300676,华大基因,医疗服务,复苏消费概念,复苏消费概念同池4只/热度51.5/领涨天虹股份,3,3.85,1.64,4.68,1.78,7.71,4.33,趋势放量异动
301257,普蕊斯,医疗服务,医疗服务,概念库未命中，回退到行业板块。,0,5.72,4.68,2.37,1.74,2.7,1.55,强势放量突破
600577,XD精达股,电网设备,电网设备,概念库未命中，回退到行业板块。,0,5.58,1.4,-1.8,1.74,8.44,4.85,强势放量突破
300725,药石科技,医疗服务,医疗服务,概念库未命中，回退到行业板块。,0,5.97,6.28,3.46,1.73,18.76,10.86,强势放量突破
002317,众生药业,中药Ⅱ,创新药进度整理,创新药进度整理同池10只/热度106.8/领涨恩华药业,4,5.44,2.91,-5.8,1.71,7.82,4.57,强势放量突破
600803,新奥股份,燃气Ⅱ,燃气Ⅱ,概念库未命中，回退到行业板块。,0,4.4,3.56,3.06,1.71,2.15,1.26,趋势放量异动
603657,春光科技,家电零部件Ⅱ,家电零部件Ⅱ,概念库未命中，回退到行业板块。,0,4.28,10.64,5.9,1.7,3.35,1.98,趋势放量异动
600809,山西汾酒,白酒Ⅱ,白酒Ⅱ,概念库未命中，回退到行业板块。,0,3.68,3.98,2.12,1.69,8.54,5.06,趋势放量异动
603369,今世缘,白酒Ⅱ,白酒Ⅱ,概念库未命中，回退到行业板块。,0,3.54,4.35,-0.92,1.69,3.9,2.31,趋势放量异动
300204,舒泰神,化学制药,化学制药,概念库未命中，回退到行业板块。,0,3.55,2.1,-1.02,1.66,4.34,2.62,趋势放量异动
002487,大金重工,风电设备,关税战概念、设备更新,关税战概念同池4只/热度57.8/领涨恩华药业；设备更新同池6只/热度63.1/领涨江淮汽车,4,7.83,16.39,21.56,1.62,41.96,25.97,强势放量突破
605288,凯迪股份,自动化设备,自动化设备,概念库未命中，回退到行业板块。,0,10.0,8.52,5.25,1.6,2.08,1.3,强势放量突破
301550,斯菱智驱,汽车零部件,汽车零部件,汽车零部件同池8只/热度136.6/领涨襄阳轴承,1,6.63,8.1,5.13,1.6,13.79,8.63,强势放量突破
000739,普洛药业,化学制药,化学制药,化学制药同池15只/热度134.0/领涨恩华药业,1,4.44,9.64,15.58,1.59,5.75,3.63,趋势放量异动
301207,华兰疫苗,生物制品,生物制品,概念库未命中，回退到行业板块。,0,4.25,4.36,4.14,1.57,2.74,1.74,趋势放量异动
002893,京能热力,电力,地方国资,地方国资同池8只/热度99.9/领涨广汽集团,2,4.08,5.52,4.39,1.57,2.28,1.45,趋势放量异动
300006,莱美药业,化学制药,化学制药、创新药进度整理,化学制药同池15只/热度134.0/领涨恩华药业；创新药进度整理同池10只/热度106.8/领涨恩华药业,1,4.91,2.02,0.0,1.56,1.89,1.21,趋势放量异动
002580,圣阳股份,电池,电池,电池同池7只/热度93.9/领涨尚水智能,2,4.39,6.09,1.67,1.52,12.08,7.95,趋势放量异动
300255,常山药业,化学制药,化学制药,化学制药同池15只/热度125.2/领涨恩华药业,2,3.71,-0.74,-4.38,1.51,5.84,3.87,趋势放量异动
300931,通用电梯,专用设备,设备更新,设备更新同池6只/热度67.4/领涨江淮汽车,2,4.64,2.06,11.31,1.5,3.1,2.07,趋势放量异动
300300,海峡创新,IT服务Ⅱ,海峡两岸、IT服务Ⅱ,海峡两岸同池4只/热度45.7/领涨龙溪股份；IT服务Ⅱ同池3只/热度43.4/领涨华是科技,1,3.73,2.96,17.78,1.5,17.0,11.31,趋势放量异动
002422,科伦药业,化学制药,化学制药,化学制药同池15只/热度125.2/领涨恩华药业,2,4.16,5.12,-2.74,1.49,9.64,6.46,趋势放量异动
603538,美诺华,化学制药,化学制药,化学制药同池15只/热度116.3/领涨恩华药业,3,10.0,6.84,-0.8,1.49,13.24,8.89,强势放量突破
300765,新诺威,化学制药,化学制药,概念库未命中，回退到行业板块。,0,7.06,6.89,-1.4,1.48,10.06,6.78,强势放量突破
603669,灵康药业,化学制药,化学制药,概念库未命中，回退到行业板块。,0,5.32,7.29,5.32,1.46,2.22,1.53,强势放量突破
300642,透景生命,医疗器械,医疗器械,概念库未命中，回退到行业板块。,0,4.83,1.21,-0.86,1.46,6.67,4.55,趋势放量异动
003006,百亚股份,个护用品,个护用品,概念库未命中，回退到行业板块。,0,6.49,2.12,5.09,1.43,12.34,8.61,强势放量突破
300489,光智科技,光学光电子,光学光电子、并购重组预期概念、智能驾驶系统,光学光电子同池5只/热度48.7/领涨五方光电；并购重组预期概念同池3只/热度41.1/领涨江南化工；智能驾驶系统同池3只/热度39.8/领涨东风科技,4,8.35,2.66,11.78,1.43,38.88,27.1,强势放量突破
600059,古越龙山,非白酒,地方国资,地方国资同池8只/热度106.7/领涨广汽集团,2,10.04,11.55,13.72,1.37,10.93,8.0,强势放量突破
002531,天顺风能,风电设备,设备更新,设备更新同池6只/热度67.4/领涨江淮汽车,2,4.45,7.26,8.72,1.29,13.41,10.42,回调二波起涨
002821,凯莱英,医疗服务,减肥药概念、合成生物、医疗服务,减肥药概念同池5只/热度48.4/领涨美诺华；合成生物同池4只/热度43.6/领涨义翘神州；医疗服务同池5只/热度43.7/领涨昭衍新药,2,5.3,5.79,0.51,1.27,19.63,15.52,回调二波起涨
