代码,名称,板块,相关概念/板块,概念匹配说明,概念库命中数,涨跌幅(%),3日涨幅(%),5日涨幅(%),突破类型,增量倍数,今日成交额(亿)
002959,小熊电器,小家电,宠物经济,宠物经济同池2只/热度78.1/领涨丽珠集团,3,7.58,14.64,13.1,突破 35 天前高,21.57,1.56
000513,丽珠集团,化学制药,宠物经济,宠物经济同池2只/热度84.0/领涨丽珠集团,2,6.53,16.55,21.05,突破 40 天前高,21.42,15.62
300340,科恒股份,电池,固态电池概念,固态电池概念同池4只/热度62.3/领涨科恒股份,3,8.37,6.24,3.61,突破 19 天前高,11.84,1.87
002232,启明信息,IT服务Ⅱ,IT服务Ⅱ,IT服务Ⅱ同池2只/热度32.0/领涨华是科技,2,4.85,12.6,8.38,突破 9 天前高,6.63,5.49
300746,汉嘉数智,工程咨询服务Ⅱ,科技重组预期概念,科技重组预期概念同池1只/热度19.5/领涨汉嘉数智,2,9.63,9.7,8.54,突破 5 天前高,6.47,1.92
002074,国轩高科,电池,固态电池概念,固态电池概念同池4只/热度62.3/领涨科恒股份,5,10.01,5.13,7.54,突破 38 天前高,4.86,11.76
002146,荣盛发展,房地产开发,房地产开发,房地产开发同池5只/热度45.5/领涨荣盛发展,4,5.79,0.79,1.59,突破 33 天前高,4.66,4.02
600032,浙江新能,电力,地方国资,地方国资同池4只/热度55.0/领涨中新赛克,3,9.96,20.68,15.56,突破 35 天前高,4.43,4.4
002912,中新赛克,计算机设备,地方国资,地方国资同池4只/热度58.7/领涨中新赛克,3,10.01,14.6,21.43,突破 9 天前高,4.38,7.77
000069,华侨城Ａ,房地产开发,房地产开发,概念库未命中，回退到行业板块。,0,5.91,3.68,2.6,突破 37 天前高,3.72,2.21
600048,保利发展,房地产开发,房地产开发,房地产开发同池5只/热度43.6/领涨荣盛发展,5,4.28,3.72,2.99,突破 5 天前高,3.68,16.78
301218,华是科技,IT服务Ⅱ,IT服务Ⅱ,IT服务Ⅱ同池2只/热度32.0/领涨华是科技,2,15.39,26.45,33.54,突破 20 天前高,3.59,8.83
002439,启明星辰,软件开发,商业航天、数据要素,商业航天同池2只/热度24.3/领涨荣盛发展；数据要素同池2只/热度22.1/领涨中新赛克,6,4.18,3.32,5.8,突破 4 天前高,2.98,5.44
600488,津药药业,化学制药,化学制药,概念库未命中，回退到行业板块。,0,10.05,16.95,9.7,突破 5 天前高,2.93,9.32
600982,宁波能源,电力,地方国资,地方国资同池4只/热度55.0/领涨中新赛克,3,10.02,13.2,6.4,突破 9 天前高,2.91,2.47
600325,华发股份,房地产开发,地方国资、房地产开发,地方国资同池4只/热度55.0/领涨中新赛克；房地产开发同池5只/热度49.4/领涨荣盛发展,3,6.72,2.14,4.76,突破 4 天前高,2.82,3.22
000031,大悦城,房地产开发,房地产开发,房地产开发同池5只/热度49.4/领涨荣盛发展,3,7.05,3.4,2.53,突破 4 天前高,2.79,1.56
002882,金龙羽,电网设备,固态电池概念,固态电池概念同池4只/热度71.6/领涨科恒股份,2,10.01,11.11,7.78,突破 14 天前高,2.77,4.12
603626,科森科技,消费电子,固态电池概念,固态电池概念同池4只/热度66.9/领涨科恒股份,4,6.0,4.24,2.14,突破 6 天前高,2.55,12.45
300835,龙磁科技,金属新材料,稀土永磁,稀土永磁同池2只/热度37.4/领涨科恒股份,2,6.02,1.95,2.24,突破 4 天前高,1.77,5.34
