代码,名称,板块,涨跌幅(%),3日涨幅(%),5日涨幅(%),增量倍数,今日成交额(亿),常态均额(亿),逻辑标签
300584,海辰药业,化学制药,7.27,30.16,35.45,9.18,7.57,0.83,强势放量突破
000679,大连友谊,一般零售,3.13,24.88,26.76,8.79,3.44,0.39,回调二波起涨
600876,凯盛新能,玻璃玻纤,5.41,18.36,18.07,7.35,3.5,0.48,强势放量突破
001282,三联锻造,汽车零部件,4.58,23.54,32.32,6.9,3.09,0.45,回调二波起涨
002910,庄园牧场,饮料乳品,4.39,14.33,19.49,6.82,5.21,0.76,回调二波起涨
688729,屹唐股份,半导体,19.99,21.67,31.33,6.11,23.8,3.9,强势放量突破
001296,长江材料,非金属材料Ⅱ,10.01,7.48,10.6,6.01,1.92,0.32,强势放量突破
603166,福达股份,汽车零部件,4.3,22.6,27.34,5.66,8.31,1.47,回调二波起涨
002907,华森制药,中药Ⅱ,10.01,11.76,13.77,5.54,1.54,0.28,强势放量突破
688026,洁特生物,医疗器械,16.15,9.98,17.6,5.5,1.41,0.26,强势放量突破
603261,*ST立航,航空装备Ⅱ,10.0,26.18,34.93,5.24,1.17,0.22,强势放量突破
000955,欣龙控股,纺织制造,7.34,24.25,24.56,5.13,3.02,0.59,强势放量突破
603177,德创环保,环境治理,10.01,18.26,16.61,5.1,1.77,0.35,强势放量突破
301687,新广益,塑料,20.0,29.7,56.4,4.87,9.21,1.89,强势放量突破
000032,深桑达Ａ,专业工程,5.94,18.21,43.02,4.86,36.67,7.55,强势放量突破
603813,*ST原尚,物流,8.26,15.09,8.43,4.67,1.15,0.25,强势放量突破
300522,世名科技,化学制品,19.99,56.94,59.42,4.57,8.96,1.96,强势放量突破
688505,复旦张江,化学制药,5.62,5.15,6.89,4.46,1.06,0.24,强势放量突破
605378,野马电池,电池,4.04,7.81,11.94,4.41,1.49,0.34,趋势放量异动
688750,金天钛业,小金属,7.91,-2.58,12.04,4.34,3.52,0.81,强势放量突破
002486,嘉麟杰,服装家纺,6.7,2.58,3.02,4.32,2.46,0.57,强势放量突破
300588,熙菱信息,计算机设备,9.32,9.96,33.68,4.23,3.57,0.84,强势放量突破
600671,天目药业,中药Ⅱ,9.98,11.14,12.67,4.22,1.23,0.29,强势放量突破
600517,国网英大,多元金融,5.22,4.38,9.39,4.21,5.2,1.23,强势放量突破
300869,康泰医学,医疗器械,5.56,5.17,6.44,4.17,1.39,0.33,强势放量突破
603065,宿迁联盛,化学制品,5.47,16.57,26.38,4.1,10.57,2.58,强势放量突破
300653,正海生物,医疗器械,6.1,0.95,2.19,4.05,1.01,0.25,强势放量突破
688105,诺唯赞,生物制品,13.17,13.34,11.97,4.02,1.63,0.41,强势放量突破
002989,中天精装,装修装饰Ⅱ,10.01,33.13,38.1,4.01,7.61,1.9,强势放量突破
002577,雷柏科技,计算机设备,7.85,5.74,6.96,4.01,2.8,0.7,强势放量突破
300697,电工合金,工业金属,10.97,10.14,25.81,4.01,7.83,1.95,强势放量突破
600397,江钨装备,专用设备,10.02,33.16,41.65,3.96,29.56,7.47,强势放量突破
301310,鑫宏业,汽车零部件,19.99,50.37,51.0,3.84,10.01,2.61,强势放量突破
300066,三川智慧,通用设备,8.93,16.61,22.36,3.82,8.97,2.35,强势放量突破
002860,星帅尔,家电零部件Ⅱ,4.07,7.77,9.23,3.7,5.46,1.47,趋势放量异动
002741,光华科技,电子化学品Ⅱ,4.72,26.73,49.48,3.67,45.48,12.39,回调二波起涨
300214,日科化学,化学制品,10.76,23.47,30.08,3.67,3.13,0.85,强势放量突破
688131,皓元医药,医疗服务,15.08,13.76,13.99,3.63,13.51,3.73,强势放量突破
002367,康力电梯,专用设备,3.62,2.06,3.62,3.59,1.48,0.41,趋势放量异动
002734,利民股份,农化制品,9.9,21.48,18.69,3.59,8.27,2.31,强势放量突破
300497,富祥药业,化学制药,6.92,12.02,27.74,3.56,14.05,3.95,强势放量突破
600392,盛和资源,小金属,10.01,19.97,25.29,3.55,83.11,23.41,强势放量突破
002159,三特索道,旅游及景区,10.03,3.38,6.52,3.4,1.56,0.46,强势放量突破
300671,富满微,半导体,11.06,14.42,23.08,3.3,18.67,5.65,强势放量突破
300321,同大股份,化学制品,10.04,19.99,20.84,3.28,5.12,1.56,强势放量突破
688657,浩辰软件,软件开发,10.35,7.67,9.67,3.28,1.87,0.57,强势放量突破
001226,拓山重工,工程机械,8.89,8.61,8.04,3.26,2.85,0.87,强势放量突破
300384,三联虹普,专业工程,4.54,3.01,8.01,3.25,1.23,0.38,趋势放量异动
603285,键邦股份,化学制品,7.61,15.15,18.97,3.23,6.23,1.93,强势放量突破
300435,中泰股份,燃气Ⅱ,12.97,16.6,28.14,3.23,9.04,2.8,强势放量突破
688598,金博股份,光伏设备,20.0,51.77,72.74,3.23,17.75,5.5,强势放量突破
000931,中 关 村,化学制药,5.74,4.18,5.74,3.18,0.75,0.24,强势放量突破
300109,新开源,化学制品,6.83,5.14,10.97,3.17,3.33,1.05,强势放量突破
301213,观想科技,军工电子Ⅱ,10.59,8.15,9.51,3.09,2.86,0.93,强势放量突破
300320,海达股份,橡胶,8.18,15.11,17.82,3.05,2.62,0.86,强势放量突破
600108,亚盛集团,种植业,5.25,-1.9,-0.28,3.04,9.25,3.04,强势放量突破
300420,五洋自控,通用设备,15.77,14.53,28.92,3.03,23.47,7.74,强势放量突破
002685,华东重机,工程机械,7.37,7.21,9.17,3.02,7.59,2.51,强势放量突破
600518,康美药业,中药Ⅱ,3.68,1.44,2.17,3.01,8.03,2.67,趋势放量异动
301318,维海德,计算机设备,6.78,5.2,6.17,2.97,0.81,0.27,强势放量突破
600976,健民集团,中药Ⅱ,4.64,6.38,7.31,2.96,1.41,0.48,趋势放量异动
300418,昆仑万维,数字媒体,10.97,9.64,16.4,2.94,56.24,19.11,强势放量突破
000516,国际医学,医疗服务,3.47,4.25,8.03,2.93,2.07,0.71,趋势放量异动
603072,天和磁材,金属新材料,6.75,3.83,11.0,2.93,4.41,1.51,强势放量突破
002044,美年健康,医疗服务,7.07,11.11,15.23,2.91,17.69,6.08,强势放量突破
603991,至正股份,半导体,10.0,9.63,7.89,2.88,9.53,3.31,强势放量突破
003011,海象新材,家居用品,8.78,6.32,5.78,2.86,1.89,0.66,强势放量突破
301127,武汉天源,环境治理,11.72,15.38,20.46,2.84,5.24,1.85,强势放量突破
301280,珠城科技,家电零部件Ⅱ,5.76,23.95,27.72,2.84,3.67,1.29,强势放量突破
688306,均普智能,自动化设备,11.67,14.74,24.46,2.84,4.05,1.43,强势放量突破
300983,尤安设计,工程咨询服务Ⅱ,5.29,7.46,7.76,2.84,1.53,0.54,强势放量突破
603282,亚光股份,环保设备Ⅱ,6.81,5.66,5.37,2.83,0.7,0.25,强势放量突破
300951,博硕科技,消费电子,9.88,11.69,13.27,2.82,4.52,1.6,强势放量突破
301678,新恒汇,半导体,5.02,9.28,6.77,2.81,6.43,2.29,强势放量突破
300166,东方国信,IT服务Ⅱ,20.03,21.9,27.65,2.79,34.87,12.49,强势放量突破
600366,宁波韵升,金属新材料,5.89,12.19,14.69,2.79,16.89,6.05,强势放量突破
603579,荣泰健康,其他家电Ⅱ,3.88,5.21,11.96,2.79,1.59,0.57,趋势放量异动
001287,中电港,其他电子Ⅱ,7.34,11.36,15.24,2.79,26.47,9.47,强势放量突破
300943,春晖智控,通用设备,20.0,18.32,28.65,2.78,8.61,3.09,强势放量突破
002662,峰璟股份,汽车零部件,4.66,9.14,20.13,2.78,1.49,0.53,趋势放量异动
002723,小崧股份,照明设备Ⅱ,7.02,4.95,5.46,2.78,2.77,1.0,强势放量突破
688671,碧兴物联,环保设备Ⅱ,20.0,34.06,31.26,2.77,1.7,0.61,强势放量突破
688433,华曙高科,通用设备,9.3,30.88,34.79,2.77,13.49,4.87,强势放量突破
002950,奥美医疗,医疗器械,9.97,7.79,8.99,2.76,2.1,0.76,强势放量突破
600753,*ST海钦,物流,4.39,15.16,9.18,2.76,0.71,0.26,趋势放量异动
603496,恒为科技,计算机设备,10.0,16.97,24.72,2.74,7.07,2.58,强势放量突破
300861,美畅股份,通用设备,19.98,23.2,31.74,2.73,10.58,3.87,强势放量突破
603262,技源集团,食品加工,5.55,6.82,9.23,2.71,1.35,0.5,强势放量突破
301150,中一科技,电池,4.87,23.47,7.87,2.69,23.26,8.65,回调二波起涨
688290,景业智能,自动化设备,6.39,13.04,14.07,2.68,3.08,1.15,强势放量突破
300873,海晨股份,物流,7.49,13.1,19.43,2.68,2.55,0.95,强势放量突破
300031,宝通科技,游戏Ⅱ,8.74,12.12,19.38,2.67,17.22,6.46,强势放量突破
603580,*ST艾艾,塑料,4.99,12.74,18.09,2.67,0.66,0.25,趋势放量异动
002990,盛视科技,计算机设备,3.6,12.78,28.91,2.62,10.06,3.84,回调二波起涨
603358,华达科技,汽车零部件,9.99,2.5,5.26,2.61,11.46,4.39,强势放量突破
688333,铂力特,通用设备,20.0,42.09,44.74,2.61,33.42,12.81,强势放量突破
002674,兴业科技,纺织制造,10.02,7.51,13.22,2.6,4.06,1.56,强势放量突破
603339,四方科技,通用设备,5.54,4.89,6.37,2.6,1.21,0.47,强势放量突破
603068,博通集成,半导体,7.72,10.36,17.14,2.59,3.42,1.32,强势放量突破
301119,正强股份,汽车零部件,3.31,-18.45,-16.24,2.58,1.29,0.5,回调二波起涨
000691,*ST亚太,化学原料,5.61,16.37,23.16,2.55,4.05,1.59,强势放量突破
002485,ST雪发,服装家纺,4.91,4.47,6.74,2.54,0.36,0.14,趋势放量异动
002419,天虹股份,一般零售,3.14,-0.86,1.32,2.5,1.4,0.56,趋势放量异动
002145,钛能化学,化学原料,4.93,7.59,12.23,2.49,5.81,2.33,趋势放量异动
301306,西测测试,军工电子Ⅱ,5.52,24.35,40.66,2.49,12.27,4.93,强势放量突破
000795,英洛华,金属新材料,5.35,6.03,7.66,2.48,6.24,2.51,强势放量突破
688373,盟科药业-U,化学制药,5.47,3.81,3.12,2.47,0.99,0.4,强势放量突破
002805,丰元股份,电池,9.98,22.18,31.89,2.45,8.28,3.39,强势放量突破
688102,斯瑞新材,金属新材料,9.4,11.75,12.27,2.45,21.43,8.74,强势放量突破
603201,常润股份,汽车零部件,9.98,7.35,3.1,2.44,1.82,0.75,强势放量突破
600362,江西铜业,工业金属,10.01,12.56,32.81,2.44,65.81,26.96,强势放量突破
603313,梦百合,家居用品,10.1,6.92,8.38,2.43,1.13,0.47,强势放量突破
301363,美好医疗,医疗器械,6.45,6.79,-20.6,2.43,6.66,2.74,强势放量突破
002601,龙佰集团,化学原料,4.24,-1.34,7.43,2.41,11.63,4.82,趋势放量异动
600259,中稀有色,小金属,10.0,16.4,26.27,2.41,38.16,15.84,强势放量突破
603082,北自科技,自动化设备,10.0,20.68,26.64,2.41,4.22,1.75,强势放量突破
300449,汉邦高科,计算机设备,7.24,14.74,14.45,2.39,4.11,1.72,强势放量突破
688416,恒烁股份,半导体,4.46,17.91,30.25,2.39,12.64,5.29,回调二波起涨
300578,会畅科技,通信服务,7.01,9.08,7.18,2.38,3.22,1.35,强势放量突破
603966,法兰泰克,专用设备,5.5,5.27,9.64,2.37,2.01,0.85,强势放量突破
002584,西陇科学,电子化学品Ⅱ,4.98,7.39,7.79,2.36,6.85,2.9,回调二波起涨
603001,奥康国际,服装家纺,9.99,14.55,24.11,2.36,4.74,2.01,强势放量突破
300558,贝达药业,化学制药,8.33,3.06,4.13,2.35,18.41,7.84,强势放量突破
688448,磁谷科技,通用设备,9.67,9.11,15.54,2.34,3.27,1.4,强势放量突破
300475,香农芯创,其他电子Ⅱ,3.91,24.76,39.92,2.34,147.27,62.98,回调二波起涨
603922,ST金鸿顺,汽车零部件,3.34,13.91,13.75,2.34,0.72,0.31,趋势放量异动
301232,飞沃科技,风电设备,8.98,18.46,21.19,2.33,14.42,6.2,强势放量突破
300669,沪宁股份,专用设备,7.62,9.17,12.93,2.33,1.3,0.56,强势放量突破
600961,株冶集团,工业金属,7.94,8.43,24.76,2.32,23.13,9.97,强势放量突破
605598,上海港湾,专业工程,3.54,3.06,3.74,2.32,3.77,1.62,趋势放量异动
603173,福斯达,专用设备,5.33,1.25,3.34,2.31,1.07,0.46,强势放量突破
688485,九州一轨,轨交设备Ⅱ,20.01,32.8,29.56,2.31,8.36,3.61,强势放量突破
688511,天微电子,军工电子Ⅱ,5.39,11.48,24.17,2.31,2.01,0.87,强势放量突破
301297,富乐德,半导体,4.23,13.4,19.34,2.31,17.65,7.62,回调二波起涨
688119,中钢洛耐,装修建材,4.34,8.58,11.34,2.31,1.09,0.47,趋势放量异动
300828,锐新科技,通用设备,8.92,15.8,20.11,2.28,2.73,1.2,强势放量突破
301080,百普赛斯,生物制品,4.8,7.85,10.33,2.27,1.9,0.84,趋势放量异动
300767,震安科技,橡胶,3.57,16.43,19.34,2.26,4.19,1.85,回调二波起涨
300571,平治信息,通信服务,5.42,10.87,15.74,2.24,12.71,5.68,强势放量突破
600316,洪都航空,航空装备Ⅱ,4.87,2.08,4.94,2.24,5.61,2.5,趋势放量异动
600141,兴发集团,农化制品,2.79,3.79,18.09,2.24,29.2,13.04,回调二波起涨
300921,南凌科技,通信服务,3.68,23.05,32.11,2.23,4.23,1.89,回调二波起涨
688669,聚石化学,塑料,5.3,33.03,35.08,2.23,5.45,2.45,强势放量突破
603818,曲美家居,家居用品,5.73,0.34,1.37,2.22,1.13,0.51,强势放量突破
002963,豪尔赛,装修装饰Ⅱ,6.91,6.44,3.73,2.21,1.89,0.85,强势放量突破
688202,美迪西,医疗服务,6.42,8.76,10.98,2.2,3.82,1.73,强势放量突破
300730,科创信息,软件开发,12.96,8.75,4.15,2.2,3.24,1.47,强势放量突破
300024,机器人,自动化设备,3.96,5.25,19.4,2.19,20.29,9.29,回调二波起涨
600370,*ST三房,化学纤维,3.01,14.0,22.14,2.19,2.45,1.12,趋势放量异动
300902,国安达,专用设备,5.09,5.22,24.74,2.19,1.34,0.61,强势放量突破
603087,甘李药业,生物制品,4.84,0.35,1.59,2.18,6.98,3.19,趋势放量异动
300402,宝色股份,通用设备,3.75,4.25,8.41,2.18,1.82,0.83,趋势放量异动
002029,七 匹 狼,服装家纺,4.92,4.79,6.58,2.17,3.01,1.39,趋势放量异动
301448,开创电气,通用设备,7.67,6.44,14.83,2.16,1.18,0.55,强势放量突破
688450,光格科技,通用设备,9.07,25.75,27.58,2.16,1.64,0.76,强势放量突破
688699,明微电子,半导体,11.22,18.18,20.77,2.16,5.54,2.56,强势放量突破
600851,海欣股份,化学制药,9.99,6.49,13.08,2.16,1.34,0.62,强势放量突破
600623,华谊集团,化学原料,3.57,-0.34,3.94,2.16,3.1,1.43,趋势放量异动
301392,汇成真空,专用设备,4.26,21.66,32.46,2.14,17.42,8.13,回调二波起涨
003026,中晶科技,半导体,3.67,9.68,6.8,2.13,11.3,5.3,回调二波起涨
600835,上海机电,专用设备,10.02,8.84,13.13,2.13,3.18,1.5,强势放量突破
300365,恒华科技,软件开发,4.75,4.75,7.87,2.13,1.53,0.72,趋势放量异动
300624,万兴科技,软件开发,6.21,4.78,9.39,2.13,8.69,4.08,强势放量突破
002158,汉钟精机,通用设备,9.99,19.9,27.08,2.12,7.01,3.31,强势放量突破
300224,正海磁材,金属新材料,5.05,7.01,11.89,2.12,6.96,3.28,强势放量突破
300553,集智股份,通用设备,10.68,12.66,23.65,2.11,5.97,2.83,强势放量突破
300100,双林股份,汽车零部件,11.86,7.28,10.61,2.11,8.99,4.25,强势放量突破
002842,翔鹭钨业,小金属,10.0,9.9,21.3,2.1,38.7,18.47,强势放量突破
000970,中科三环,金属新材料,4.7,11.24,6.49,2.09,21.21,10.13,回调二波起涨
603665,康隆达,服装家纺,8.99,8.13,8.54,2.08,1.62,0.78,强势放量突破
605069,正和生态,环境治理,2.69,4.43,-4.16,2.07,2.39,1.15,回调二波起涨
600549,厦门钨业,小金属,6.27,20.52,27.39,2.06,127.02,61.72,强势放量突破
603308,应流股份,通用设备,6.58,10.72,18.8,2.06,31.18,15.16,强势放量突破
688702,盛科通信-U,半导体,11.22,19.08,27.59,2.06,44.42,21.61,强势放量突破
301122,采纳股份,医疗器械,5.09,7.3,6.72,2.06,1.4,0.68,强势放量突破
002208,合肥城建,房地产开发,6.77,14.1,20.32,2.06,21.98,10.65,强势放量突破
603950,长源东谷,汽车零部件,5.1,0.47,11.28,2.05,10.12,4.94,强势放量突破
300307,慈星股份,专用设备,2.52,-6.76,5.03,2.05,5.9,2.87,回调二波起涨
301369,联动科技,半导体,5.95,18.62,20.55,2.04,7.97,3.91,强势放量突破
603324,盛剑科技,环保设备Ⅱ,10.01,25.8,27.4,2.04,7.65,3.75,强势放量突破
002778,中晟高科,环境治理,5.44,-3.79,2.25,2.04,0.97,0.48,强势放量突破
000006,深振业Ａ,房地产开发,6.07,4.19,4.59,2.02,5.07,2.51,强势放量突破
300842,帝科股份,光伏设备,10.43,10.24,11.95,2.02,9.93,4.91,强势放量突破
001212,中旗新材,装修建材,6.48,-1.58,3.09,2.02,7.4,3.67,强势放量突破
688535,华海诚科,半导体,14.13,23.14,16.54,2.02,23.42,11.6,强势放量突破
605100,华丰股份,通用设备,5.1,11.19,9.66,2.02,3.71,1.84,强势放量突破
300676,华大基因,医疗服务,3.92,3.26,8.03,2.02,3.78,1.87,趋势放量异动
300903,科翔股份,元件,3.48,29.86,36.51,2.02,36.93,18.32,回调二波起涨
301283,聚胶股份,化学制品,4.05,-0.54,7.76,2.01,0.62,0.31,趋势放量异动
603110,东方材料,化学制品,6.4,10.8,14.65,2.01,5.01,2.49,强势放量突破
688227,品高股份,IT服务Ⅱ,20.0,23.21,12.21,2.01,11.35,5.64,强势放量突破
301160,翔楼新材,特钢Ⅱ,6.31,7.21,11.32,2.0,3.98,1.99,强势放量突破
603995,甬金股份,特钢Ⅱ,5.57,5.91,18.6,2.0,4.49,2.24,强势放量突破
300596,利安隆,化学制品,6.56,17.47,28.34,1.99,5.81,2.91,强势放量突破
688256,寒武纪,半导体,14.2,12.92,23.61,1.99,321.53,161.53,强势放量突破
300147,*ST香雪,中药Ⅱ,9.03,4.21,5.88,1.98,1.33,0.67,强势放量突破
688557,兰剑智能,通用设备,6.65,9.88,13.47,1.97,0.72,0.37,强势放量突破
000878,云南铜业,工业金属,4.07,2.36,16.04,1.96,19.32,9.86,趋势放量异动
002326,永太科技,化学制品,3.66,6.03,4.55,1.96,14.52,7.39,趋势放量异动
002600,领益智造,消费电子,6.12,11.84,23.4,1.95,61.04,31.38,强势放量突破
301589,诺瓦星云,计算机设备,4.58,5.9,10.95,1.95,2.25,1.16,趋势放量异动
002179,中航光电,军工电子Ⅱ,5.05,6.78,11.73,1.94,30.93,15.93,强势放量突破
300990,同飞股份,通用设备,6.04,12.01,25.21,1.94,8.88,4.58,强势放量突破
688010,福光股份,光学光电子,5.41,16.02,26.59,1.94,8.18,4.22,强势放量突破
605158,华达新材,金属新材料,3.29,0.46,3.94,1.93,0.61,0.32,趋势放量异动
000668,*ST荣控,房地产开发,4.8,10.42,8.64,1.92,1.86,0.97,回调二波起涨
688592,司南导航,通信设备,4.19,3.74,8.75,1.91,0.83,0.44,趋势放量异动
300467,迅游科技,游戏Ⅱ,5.93,7.62,10.14,1.9,3.0,1.58,强势放量突破
002816,*ST和科,专用设备,5.02,10.1,12.98,1.9,1.24,0.66,强势放量突破
601138,工业富联,消费电子,7.49,6.38,12.31,1.9,330.63,174.38,强势放量突破
002119,康强电子,半导体,4.04,2.22,10.61,1.89,29.17,15.4,回调二波起涨
301209,联合化学,化学制品,4.62,1.03,-0.49,1.88,2.15,1.14,趋势放量异动
301617,博苑股份,化学制品,3.23,3.41,5.91,1.88,4.0,2.13,趋势放量异动
600399,抚顺特钢,特钢Ⅱ,10.09,5.39,12.74,1.88,3.53,1.88,强势放量突破
603156,养元饮品,饮料乳品,4.08,7.66,11.96,1.87,6.83,3.66,趋势放量异动
688135,利扬芯片,半导体,3.54,8.22,16.48,1.87,8.51,4.55,趋势放量异动
300679,电连技术,消费电子,8.87,17.92,32.85,1.87,29.1,15.55,强势放量突破
000737,北方铜业,工业金属,2.93,0.33,18.05,1.86,16.68,8.95,回调二波起涨
300782,卓胜微,半导体,6.31,9.77,15.51,1.86,43.67,23.46,强势放量突破
300857,协创数据,消费电子,4.03,15.25,27.16,1.85,87.81,47.37,回调二波起涨
300255,常山药业,化学制药,3.73,-14.77,-25.95,1.84,14.0,7.61,趋势放量异动
605168,三人行,广告营销,7.61,17.1,17.69,1.84,6.41,3.49,强势放量突破
600106,重庆路桥,铁路公路,4.47,2.59,3.21,1.84,1.37,0.74,趋势放量异动
600206,有研新材,半导体,6.84,19.58,24.15,1.83,54.97,30.0,强势放量突破
301005,超捷股份,汽车零部件,8.08,8.18,5.35,1.83,15.8,8.64,强势放量突破
300843,胜蓝股份,消费电子,5.14,29.36,41.64,1.82,11.2,6.16,强势放量突破
300609,汇纳科技,IT服务Ⅱ,6.64,3.59,6.7,1.82,2.16,1.19,强势放量突破
301630,同宇新材,通用设备,13.69,25.46,32.24,1.81,11.63,6.43,强势放量突破
301018,申菱环境,通用设备,3.14,6.53,19.18,1.8,25.66,14.26,回调二波起涨
603269,海鸥股份,通用设备,3.19,-0.94,14.42,1.8,10.19,5.67,回调二波起涨
603337,杰克科技,专用设备,3.34,9.72,11.29,1.8,3.16,1.76,趋势放量异动
603916,苏博特,水泥,7.07,1.07,6.27,1.8,4.51,2.5,强势放量突破
002967,广电计量,专业服务,5.84,8.07,13.59,1.8,3.38,1.88,强势放量突破
600783,鲁信创投,通用设备,6.02,-2.98,-3.74,1.79,12.01,6.7,强势放量突破
002902,铭普光磁,通信设备,4.61,7.3,16.18,1.78,14.54,8.17,趋势放量异动
688398,赛特新材,化学制品,6.49,10.49,-7.48,1.77,1.86,1.05,强势放量突破
688403,汇成股份,半导体,4.27,12.55,19.25,1.77,33.98,19.23,回调二波起涨
600888,新疆众和,工业金属,6.83,15.77,17.95,1.76,18.77,10.65,强势放量突破
301222,浙江恒威,电池,3.35,2.17,-0.24,1.76,3.62,2.06,回调二波起涨
301027,华蓝集团,工程咨询服务Ⅱ,3.64,4.35,7.5,1.76,1.55,0.88,趋势放量异动
300749,顶固集创,家居用品,6.72,6.22,5.92,1.76,2.5,1.42,强势放量突破
603186,华正新材,元件,5.05,27.11,39.75,1.76,40.7,23.09,强势放量突破
603859,能科科技,IT服务Ⅱ,4.2,2.14,1.95,1.76,19.43,11.02,回调二波起涨
300554,三超新材,通用设备,4.2,5.31,8.84,1.76,4.9,2.78,回调二波起涨
688400,凌云光,专用设备,14.1,16.9,22.28,1.75,22.45,12.82,强势放量突破
301151,冠龙节能,通用设备,3.71,9.76,7.04,1.75,1.47,0.84,回调二波起涨
300802,矩子科技,自动化设备,3.51,11.83,16.1,1.75,8.1,4.64,趋势放量异动
688627,精智达,通用设备,4.37,20.94,37.2,1.75,43.88,25.02,回调二波起涨
002378,章源钨业,小金属,6.39,-0.78,10.35,1.75,50.25,28.77,强势放量突破
688733,壹石通,电池,5.23,6.7,11.08,1.74,9.65,5.55,强势放量突破
605086,龙高股份,非金属材料Ⅱ,9.99,6.57,8.56,1.74,1.12,0.65,强势放量突破
002957,科瑞技术,自动化设备,5.32,9.56,15.96,1.74,30.73,17.68,强势放量突破
001266,宏英智能,自动化设备,4.68,16.67,16.77,1.74,3.11,1.79,回调二波起涨
000831,中国稀土,小金属,4.76,5.99,15.08,1.74,48.13,27.62,趋势放量异动
688239,航宇科技,航空装备Ⅱ,4.19,8.41,7.3,1.73,5.56,3.21,趋势放量异动
603722,阿科力,化学制品,5.31,0.43,-0.55,1.73,1.64,0.95,强势放量突破
603992,松霖科技,家居用品,3.94,-0.62,4.95,1.73,2.87,1.66,回调二波起涨
002392,北京利尔,装修建材,9.99,10.13,18.89,1.73,3.11,1.8,强势放量突破
300806,斯迪克,塑料,3.15,14.9,18.16,1.72,33.23,19.31,回调二波起涨
601126,四方股份,电网设备,5.31,6.01,11.27,1.72,35.85,20.88,强势放量突破
603389,*ST亚振,家居用品,5.0,3.72,5.91,1.72,1.0,0.58,强势放量突破
301525,儒竞科技,通用设备,7.68,7.65,9.55,1.72,2.29,1.33,强势放量突破
300364,中文在线,数字媒体,7.09,6.1,14.74,1.72,17.4,10.12,强势放量突破
688291,金橙子,软件开发,7.94,9.58,17.44,1.72,2.17,1.26,强势放量突破
000839,国安股份,通信服务,10.04,7.14,9.2,1.72,2.51,1.46,强势放量突破
603270,金帝股份,通用设备,5.07,10.37,5.42,1.72,3.11,1.81,强势放量突破
002937,兴瑞科技,汽车零部件,4.64,5.39,15.26,1.71,7.57,4.43,趋势放量异动
688168,安博通,软件开发,3.6,1.82,19.87,1.71,2.86,1.67,回调二波起涨
301217,铜冠铜箔,电池,10.08,17.54,56.27,1.71,83.34,48.65,强势放量突破
002141,贤丰控股,动物保健Ⅱ,10.05,33.05,38.53,1.71,2.58,1.51,强势放量突破
688001,华兴源创,通用设备,10.04,30.9,35.15,1.71,14.55,8.5,强势放量突破
688172,燕东微,半导体,12.53,10.29,18.63,1.7,29.22,17.18,强势放量突破
002971,和远气体,化学制品,10.01,18.67,27.73,1.7,18.81,11.07,强势放量突破
688428,诺诚健华,化学制药,6.9,3.2,12.81,1.7,3.26,1.92,强势放量突破
300702,天宇股份,化学制药,3.82,5.01,5.12,1.7,1.15,0.68,趋势放量异动
603668,天马科技,饲料,4.02,-2.2,-0.54,1.69,0.97,0.57,趋势放量异动
603936,博敏电子,元件,7.06,14.74,20.78,1.69,21.76,12.88,强势放量突破
688379,华光新材,通用设备,7.41,4.3,18.24,1.69,8.09,4.78,强势放量突破
688225,亚信安全,软件开发,4.06,3.27,3.03,1.69,1.16,0.69,趋势放量异动
603616,韩建河山,水泥,10.05,5.21,-1.52,1.69,3.48,2.06,强势放量突破
688710,益诺思,医疗服务,6.49,9.07,9.64,1.69,1.74,1.03,强势放量突破
300285,国瓷材料,电子化学品Ⅱ,14.05,41.44,43.48,1.69,137.34,81.1,强势放量突破
688041,海光信息,半导体,6.42,9.58,13.17,1.68,174.75,104.07,强势放量突破
603698,航天工程,专用设备,4.13,8.08,9.23,1.68,8.37,4.98,趋势放量异动
688802,沐曦股份-U,半导体,5.1,6.8,8.13,1.68,24.45,14.59,强势放量突破
300762,上海瀚讯,军工电子Ⅱ,5.25,13.23,7.97,1.68,22.56,13.41,强势放量突破
301361,众智科技,电网设备,6.42,7.24,10.98,1.68,1.5,0.89,强势放量突破
600276,恒瑞医药,化学制药,3.04,1.13,3.07,1.68,57.48,34.13,趋势放量异动
301489,思泉新材,电子化学品Ⅱ,7.87,17.47,23.24,1.67,18.77,11.27,强势放量突破
688678,福立旺,消费电子,5.55,11.7,17.5,1.67,5.32,3.19,强势放量突破
600538,国发股份,医疗器械,3.29,2.05,1.02,1.67,1.39,0.83,趋势放量异动
300013,新宁物流,物流,5.12,2.49,0.24,1.67,1.58,0.94,强势放量突破
002785,万里石,装修建材,4.5,3.86,4.29,1.67,4.49,2.68,趋势放量异动
300738,奥飞数据,通信服务,5.18,4.4,11.45,1.66,17.52,10.53,强势放量突破
603355,莱克电气,小家电,5.52,7.88,12.38,1.66,1.3,0.79,强势放量突破
688693,锴威特,半导体,3.47,3.98,11.7,1.66,5.32,3.21,回调二波起涨
002698,博实股份,自动化设备,3.85,0.96,0.7,1.66,2.43,1.46,趋势放量异动
601609,金田股份,工业金属,6.82,3.09,13.94,1.66,16.61,10.0,强势放量突破
688665,四方光电,通用设备,3.22,6.0,10.83,1.66,1.35,0.81,回调二波起涨
688646,ST逸飞,自动化设备,6.96,6.82,11.06,1.66,1.08,0.65,强势放量突破
688249,晶合集成,半导体,7.6,16.87,31.79,1.66,31.2,18.77,强势放量突破
300127,银河磁体,金属新材料,3.18,4.76,9.59,1.65,3.06,1.86,趋势放量异动
688182,灿勤科技,通信设备,7.96,23.79,28.16,1.65,5.42,3.28,强势放量突破
600172,黄河旋风,通用设备,5.34,12.8,18.53,1.65,48.94,29.58,强势放量突破
600520,三佳科技,专用设备,5.9,10.41,13.52,1.65,6.87,4.15,强势放量突破
601633,长城汽车,乘用车,4.93,-0.51,0.74,1.65,7.96,4.81,趋势放量异动
300560,中富通,通信服务,10.49,0.54,8.89,1.64,5.3,3.24,强势放量突破
300223,北京君正,半导体,8.36,13.24,27.88,1.64,106.56,65.17,强势放量突破
300860,锋尚文化,专业服务,4.25,2.59,1.92,1.64,1.01,0.61,趋势放量异动
300337,银邦股份,工业金属,3.46,6.19,9.08,1.64,4.94,3.02,趋势放量异动
002248,华东数控,通用设备,3.57,1.65,4.67,1.64,1.7,1.03,趋势放量异动
688077,大地熊,金属新材料,3.47,7.84,13.33,1.64,1.41,0.86,趋势放量异动
002436,兴森科技,元件,8.91,29.86,41.66,1.63,117.7,72.33,强势放量突破
002824,和胜股份,工业金属,5.51,19.47,31.39,1.63,11.52,7.05,强势放量突破
301141,中科磁业,金属新材料,3.48,0.44,5.0,1.63,2.25,1.38,趋势放量异动
300557,理工光科,通用设备,5.86,6.03,1.61,1.63,4.5,2.77,强势放量突破
300700,岱勒新材,通用设备,8.25,8.53,7.44,1.63,5.45,3.34,强势放量突破
300748,金力永磁,金属新材料,3.53,6.43,14.33,1.63,16.65,10.2,趋势放量异动
002965,祥鑫科技,汽车零部件,3.34,8.52,13.96,1.62,7.61,4.69,回调二波起涨
002803,吉宏股份,互联网电商,5.43,8.59,13.43,1.62,3.58,2.2,强势放量突破
300716,*ST泉为,塑料,8.52,18.43,11.44,1.62,1.5,0.93,强势放量突破
688096,京源环保,环境治理,6.56,14.05,3.25,1.62,3.18,1.96,强势放量突破
603127,昭衍新药,医疗服务,9.99,8.92,13.6,1.62,9.52,5.89,强势放量突破
688795,摩尔线程-U,半导体,4.69,6.51,7.23,1.61,26.61,16.54,回调二波起涨
603206,嘉环科技,通信服务,4.69,3.49,6.51,1.61,3.75,2.33,回调二波起涨
603266,天龙股份,汽车零部件,7.31,4.02,6.81,1.61,0.9,0.56,强势放量突破
688035,德邦科技,电子化学品Ⅱ,6.2,11.97,16.79,1.61,10.28,6.39,强势放量突破
688193,仁度生物,医疗器械,6.92,7.68,4.47,1.61,0.62,0.39,强势放量突破
002203,海亮股份,工业金属,10.0,2.94,19.76,1.6,19.42,12.13,强势放量突破
301070,开勒股份,通用设备,5.71,16.9,-12.23,1.6,4.93,3.09,强势放量突破
688559,海目星,自动化设备,6.71,15.78,23.77,1.6,15.47,9.67,强势放量突破
688003,天准科技,自动化设备,7.07,14.57,30.19,1.6,15.29,9.57,强势放量突破
688238,和元生物,医疗服务,3.93,3.16,5.71,1.6,0.82,0.51,趋势放量异动
603052,可川科技,消费电子,4.18,5.4,11.52,1.6,8.66,5.4,回调二波起涨
002357,富临运业,铁路公路,4.34,7.1,8.25,1.6,1.3,0.81,趋势放量异动
688796,百奥赛图,医疗服务,6.66,5.53,7.72,1.6,2.45,1.53,强势放量突破
301086,鸿富瀚,消费电子,2.9,21.34,35.15,1.59,8.39,5.28,回调二波起涨
300632,光莆股份,光学光电子,6.97,9.27,17.81,1.59,15.5,9.75,强势放量突破
688137,近岸蛋白,生物制品,3.36,1.35,-1.83,1.59,0.42,0.27,趋势放量异动
688158,优刻得-W,IT服务Ⅱ,3.84,4.8,11.71,1.59,14.07,8.87,趋势放量异动
603986,兆易创新,半导体,7.33,21.43,30.09,1.58,370.16,234.66,强势放量突破
300607,拓斯达,自动化设备,3.33,13.98,16.16,1.58,17.35,11.01,趋势放量异动
301548,崇德科技,通用设备,4.3,4.67,9.23,1.58,1.61,1.02,趋势放量异动
688521,芯原股份,半导体,6.42,15.55,19.25,1.57,78.52,50.02,强势放量突破
300382,斯莱克,专用设备,5.01,8.33,11.63,1.57,7.43,4.74,强势放量突破
688383,新益昌,专用设备,4.01,11.59,22.67,1.57,5.96,3.81,回调二波起涨
301252,同星科技,家电零部件Ⅱ,5.78,11.93,17.55,1.57,2.6,1.66,强势放量突破
688591,泰凌微,半导体,5.04,10.9,18.23,1.56,2.69,1.73,强势放量突破
603868,飞科电器,小家电,5.97,-0.12,1.03,1.56,1.3,0.83,强势放量突破
002768,国恩股份,塑料,2.81,-28.11,-18.64,1.56,7.69,4.93,回调二波起涨
688489,三未信安,计算机设备,4.21,6.39,8.08,1.56,0.54,0.35,趋势放量异动
688757,胜科纳米,专业服务,7.04,25.89,54.09,1.56,7.06,4.52,强势放量突破
300586,美联新材,塑料,3.26,9.99,23.48,1.56,10.01,6.42,趋势放量异动
002708,光洋股份,汽车零部件,7.43,13.2,10.08,1.55,6.91,4.46,强势放量突破
605060,联德股份,通用设备,4.37,5.46,12.84,1.55,4.37,2.81,回调二波起涨
300909,汇创达,光学光电子,5.87,13.79,20.31,1.55,3.59,2.31,强势放量突破
688790,昂瑞微-UW,半导体,3.46,6.92,14.09,1.55,1.25,0.81,趋势放量异动
301396,宏景科技,IT服务Ⅱ,3.41,12.2,34.32,1.55,41.67,26.9,回调二波起涨
300373,扬杰科技,半导体,7.91,17.1,22.9,1.55,44.85,29.02,强势放量突破
301132,满坤科技,元件,5.6,15.86,28.16,1.55,5.2,3.36,强势放量突破
688302,海创药业-U,化学制药,3.49,6.34,6.41,1.55,0.66,0.42,趋势放量异动
688177,百奥泰,生物制品,4.22,0.95,1.07,1.54,0.76,0.49,趋势放量异动
001306,夏厦精密,通用设备,4.12,3.74,4.82,1.54,0.81,0.52,趋势放量异动
300042,朗科科技,计算机设备,4.27,12.4,12.27,1.54,22.39,14.5,回调二波起涨
688566,吉贝尔,化学制药,3.34,2.83,4.99,1.54,0.3,0.2,趋势放量异动
688166,博瑞医药,化学制药,7.01,2.64,-3.55,1.53,7.37,4.83,强势放量突破
300725,药石科技,医疗服务,3.46,3.46,6.27,1.53,2.55,1.67,趋势放量异动
688655,迅捷兴,元件,8.16,13.91,20.96,1.53,7.87,5.16,强势放量突破
600482,中国动力,其他电源设备Ⅱ,3.92,3.96,5.55,1.53,23.49,15.35,回调二波起涨
688235,百济神州,化学制药,3.07,0.66,4.91,1.53,11.9,7.8,趋势放量异动
300858,科拓生物,化学制品,3.59,0.06,2.77,1.53,1.22,0.8,趋势放量异动
003031,中瓷电子,通信设备,10.0,17.17,21.6,1.53,26.93,17.65,强势放量突破
600678,ST金顶,水泥,3.76,5.24,10.13,1.52,2.08,1.37,趋势放量异动
600683,京投发展,房地产开发,7.41,8.43,7.92,1.52,5.34,3.52,强势放量突破
002318,久立特材,特钢Ⅱ,4.58,7.08,14.03,1.52,4.16,2.73,趋势放量异动
300548,长芯博创,通信设备,4.49,4.89,25.33,1.52,74.93,49.41,回调二波起涨
688512,慧智微-U,半导体,5.33,8.94,11.09,1.52,4.3,2.82,强势放量突破
001267,汇绿生态,通信设备,5.71,10.29,18.45,1.51,30.83,20.4,强势放量突破
301596,瑞迪智驱,通用设备,5.96,4.44,3.61,1.51,2.4,1.59,强势放量突破
300606,金太阳,通用设备,10.26,17.79,32.66,1.51,6.41,4.25,强势放量突破
688307,中润光学,计算机设备,3.53,10.22,19.55,1.5,6.91,4.6,回调二波起涨
002137,实益达,光学光电子,3.84,4.25,6.46,1.5,10.15,6.78,回调二波起涨
688515,裕太微-U,半导体,20.0,24.19,29.24,1.5,16.15,10.79,强势放量突破
688583,思看科技,通用设备,9.45,9.23,27.54,1.5,4.37,2.92,强势放量突破
605589,圣泉集团,塑料,5.15,8.84,14.46,1.5,54.21,36.2,强势放量突破
688486,龙迅股份,半导体,5.85,8.69,-21.13,1.5,4.57,3.04,强势放量突破
300666,江丰电子,半导体,3.19,5.99,6.43,1.5,80.16,53.46,回调二波起涨
688981,中芯国际,半导体,4.45,7.8,10.44,1.49,172.89,115.85,趋势放量异动
002290,禾盛新材,家电零部件Ⅱ,6.97,8.0,13.91,1.49,10.23,6.85,强势放量突破
301148,嘉戎技术,环境治理,3.88,2.18,-0.37,1.49,1.99,1.33,趋势放量异动
002472,双环传动,汽车零部件,4.84,2.27,6.57,1.49,23.21,15.59,趋势放量异动
688205,德科立,通信设备,6.48,8.19,6.78,1.49,33.52,22.57,强势放量突破
688071,华依科技,专用设备,5.61,6.34,9.39,1.49,1.47,0.99,强势放量突破
002821,凯莱英,医疗服务,7.67,8.08,8.99,1.49,8.7,5.85,强势放量突破
603588,高能环境,环境治理,3.22,13.87,17.03,1.49,12.59,8.48,回调二波起涨
002261,拓维信息,软件开发,3.53,1.16,5.6,1.49,23.64,15.9,回调二波起涨
300503,昊志机电,通用设备,9.0,8.85,10.61,1.49,29.73,19.95,强势放量突破
603687,大胜达,包装印刷,5.42,4.85,2.37,1.48,12.6,8.52,强势放量突破
300852,四会富仕,元件,3.77,5.61,18.04,1.48,8.2,5.54,回调二波起涨
688039,当虹科技,IT服务Ⅱ,5.39,3.72,7.71,1.48,1.79,1.21,强势放量突破
301285,鸿日达,消费电子,8.31,14.88,28.76,1.48,6.8,4.58,强势放量突破
300689,澄天伟业,通信设备,4.53,6.26,19.43,1.48,2.08,1.41,趋势放量异动
688018,乐鑫科技,半导体,4.54,7.45,13.8,1.46,11.39,7.79,趋势放量异动
605389,长龄液压,工程机械,3.9,5.03,11.15,1.46,2.34,1.61,趋势放量异动
688786,悦安新材,金属新材料,4.8,12.8,18.92,1.45,7.98,5.51,回调二波起涨
301316,慧博云通,IT服务Ⅱ,4.27,13.96,22.26,1.45,8.94,6.16,回调二波起涨
603679,华体科技,光学光电子,10.01,10.46,15.28,1.45,2.04,1.41,强势放量突破
300491,通合科技,其他电源设备Ⅱ,10.14,22.42,33.79,1.45,6.78,4.68,强势放量突破
600133,东湖高新,环境治理,4.61,3.7,7.97,1.45,2.29,1.58,趋势放量异动
688662,富信科技,其他电子Ⅱ,5.08,22.28,11.65,1.44,15.54,10.76,强势放量突破
301205,联特科技,通信设备,7.39,11.75,7.76,1.44,53.32,37.01,强势放量突破
300260,新莱应材,通用设备,5.96,10.03,14.0,1.44,26.2,18.18,强势放量突破
605228,神通科技,汽车零部件,3.21,1.96,0.3,1.44,1.1,0.76,回调二波起涨
300316,晶盛机电,光伏设备,3.89,3.34,11.74,1.44,25.87,17.92,回调二波起涨
600667,太极实业,工程咨询服务Ⅱ,9.99,20.72,19.47,1.44,74.1,51.49,强势放量突破
300221,银禧科技,塑料,4.28,8.95,13.28,1.44,15.03,10.47,回调二波起涨
605081,*ST太和,环境治理,5.41,5.41,2.63,1.44,0.02,0.01,强势放量突破
600345,长江通信,通信设备,7.02,8.38,13.63,1.43,15.2,10.64,强势放量突破
688691,灿芯股份,半导体,6.11,8.67,13.56,1.43,8.75,6.14,强势放量突破
688618,三旺通信,通信设备,6.47,8.18,12.89,1.42,1.16,0.82,强势放量突破
603259,药明康德,医疗服务,4.6,3.37,5.82,1.42,57.99,40.88,趋势放量异动
300083,创世纪,自动化设备,4.09,8.43,12.18,1.42,13.22,9.31,趋势放量异动
688661,和林微纳,半导体,3.98,20.95,18.77,1.42,12.15,8.55,回调二波起涨
002297,博云新材,航空装备Ⅱ,10.01,22.77,32.59,1.41,32.92,23.42,强势放量突破
301125,腾亚精工,通用设备,4.31,2.75,6.82,1.41,0.98,0.7,趋势放量异动
600184,光电股份,地面兵装Ⅱ,5.81,4.25,9.72,1.41,14.61,10.35,强势放量突破
603500,祥和实业,轨交设备Ⅱ,3.68,4.91,7.47,1.41,5.54,3.93,回调二波起涨
688809,强一股份,半导体,5.75,8.68,6.79,1.41,20.58,14.58,强势放量突破
688685,迈信林,航空装备Ⅱ,6.12,6.26,6.68,1.41,2.73,1.94,强势放量突破
603220,中贝通信,通信服务,3.91,5.61,10.28,1.41,9.24,6.55,回调二波起涨
600226,亨通股份,电力,10.03,18.3,30.13,1.4,21.57,15.38,强势放量突破
688556,高测股份,光伏设备,5.81,9.81,14.02,1.4,7.26,5.17,强势放量突破
301638,南网数字,IT服务Ⅱ,4.66,6.26,12.53,1.4,6.81,4.86,趋势放量异动
002354,天娱数科,广告营销,9.96,3.07,-3.13,1.4,27.71,19.81,强势放量突破
600847,万里股份,电池,5.7,-0.82,0.14,1.39,0.89,0.64,强势放量突破
603666,亿嘉和,自动化设备,3.27,5.26,4.62,1.39,1.78,1.28,趋势放量异动
688525,佰维存储,半导体,4.38,13.6,19.1,1.39,175.3,126.16,回调二波起涨
300442,润泽科技,通信服务,4.94,8.44,15.08,1.39,39.02,27.98,趋势放量异动
603223,恒通股份,炼化及贸易,9.96,6.83,12.14,1.39,1.54,1.11,强势放量突破
688082,盛美上海,半导体,4.86,20.24,33.36,1.39,38.6,27.84,回调二波起涨
688807,优迅股份,半导体,6.54,11.07,11.57,1.38,9.8,7.11,强势放量突破
003018,金富科技,包装印刷,6.49,6.58,14.11,1.38,11.88,8.63,强势放量突破
688046,药康生物,医疗服务,7.53,7.11,10.71,1.38,0.99,0.71,强势放量突破
300616,尚品宅配,家居用品,5.02,5.68,0.3,1.38,1.77,1.28,强势放量突破
688200,华峰测控,半导体,3.07,25.84,19.05,1.38,23.38,16.94,回调二波起涨
688785,恒运昌,其他电源设备Ⅱ,5.97,9.01,8.7,1.38,5.15,3.74,强势放量突破
300496,中科创达,IT服务Ⅱ,6.55,7.33,10.89,1.37,18.09,13.15,强势放量突破
301045,天禄科技,光学光电子,5.34,9.1,17.77,1.37,3.14,2.3,强势放量突破
000803,山高环能,电力,4.23,1.23,1.37,1.37,1.47,1.08,趋势放量异动
301072,中捷精工,汽车零部件,6.9,23.77,16.03,1.37,2.53,1.84,强势放量突破
300034,钢研高纳,航空装备Ⅱ,3.37,5.77,12.99,1.37,3.74,2.73,趋势放量异动
300161,华中数控,通用设备,5.9,5.45,7.82,1.37,2.37,1.73,强势放量突破
603983,丸美生物,化妆品,3.08,0.63,4.96,1.37,0.59,0.43,趋势放量异动
002888,惠威科技,消费电子,7.08,10.44,18.36,1.36,1.47,1.07,强势放量突破
300438,鹏辉能源,电池,3.06,9.54,16.18,1.36,26.63,19.64,趋势放量异动
688059,华锐精密,通用设备,4.98,5.16,19.02,1.36,9.71,7.13,回调二波起涨
301138,华研精机,专用设备,3.16,5.08,9.27,1.36,0.42,0.31,趋势放量异动
300877,金春股份,纺织制造,8.08,4.36,5.4,1.36,1.13,0.83,强势放量突破
300900,广联航空,航空装备Ⅱ,3.93,6.57,8.11,1.35,8.52,6.32,趋势放量异动
300142,沃森生物,生物制品,3.58,6.78,11.57,1.35,8.46,6.28,趋势放量异动
605128,上海沿浦,汽车零部件,3.05,5.31,7.22,1.35,2.12,1.56,趋势放量异动
301191,菲菱科思,通信设备,5.39,7.18,18.28,1.35,7.9,5.84,强势放量突破
688231,隆达股份,金属新材料,8.63,8.34,21.78,1.35,2.61,1.93,强势放量突破
688257,新锐股份,通用设备,6.53,12.54,40.01,1.35,22.46,16.62,强势放量突破
003004,*ST声迅,计算机设备,4.33,5.56,7.71,1.35,4.23,3.14,回调二波起涨
688221,前沿生物-U,化学制药,4.48,4.42,5.73,1.35,2.35,1.75,趋势放量异动
600885,宏发股份,电网设备,4.6,8.36,12.02,1.35,8.6,6.37,趋势放量异动
688197,首药控股-U,化学制药,6.62,2.79,-5.93,1.35,0.7,0.52,强势放量突破
301261,恒工精密,通用设备,3.12,6.95,7.83,1.35,3.86,2.86,趋势放量异动
300433,蓝思科技,消费电子,8.9,21.29,30.67,1.35,119.37,88.22,强势放量突破
300017,网宿科技,IT服务Ⅱ,3.48,1.85,5.91,1.35,23.3,17.2,趋势放量异动
300319,麦捷科技,元件,20.02,33.27,33.4,1.35,45.8,34.0,回调二波起涨
600777,*ST新潮,油气开采Ⅱ,3.59,-5.58,-8.05,1.34,1.32,0.99,趋势放量异动
301230,泓博医药,医疗服务,3.13,2.1,6.4,1.34,2.04,1.52,趋势放量异动
002913,奥士康,元件,3.93,13.72,27.3,1.34,6.73,5.04,回调二波起涨
300012,华测检测,专业服务,3.45,-0.21,3.6,1.33,4.44,3.34,趋势放量异动
300179,四方达,通用设备,5.55,11.63,15.14,1.33,42.65,32.17,回调二波起涨
300508,维宏股份,计算机设备,3.75,9.29,24.74,1.33,3.38,2.54,回调二波起涨
688017,绿的谐波,自动化设备,6.92,9.5,11.17,1.33,76.94,57.91,回调二波起涨
688191,智洋创新,电网设备,5.67,19.12,16.6,1.32,3.89,2.96,回调二波起涨
688331,荣昌生物,生物制品,4.84,2.1,8.83,1.32,14.02,10.61,回调二波起涨
300709,精研科技,消费电子,3.36,22.47,33.52,1.32,11.12,8.41,回调二波起涨
301263,泰恩康,化学制药,4.59,2.63,9.57,1.32,1.64,1.24,趋势放量异动
688117,圣诺生物,生物制品,2.6,-1.5,9.81,1.32,0.9,0.68,回调二波起涨
603790,雅运股份,化学制品,4.46,5.92,3.98,1.31,1.32,1.01,回调二波起涨
688378,奥来德,光学光电子,2.98,23.36,24.82,1.31,10.64,8.13,回调二波起涨
300736,百邦科技,其他电子Ⅱ,2.89,11.75,29.19,1.31,2.78,2.12,回调二波起涨
603638,艾迪精密,工程机械,3.52,0.77,6.16,1.31,3.95,3.02,趋势放量异动
605255,天普股份,汽车零部件,4.2,6.83,6.13,1.31,1.36,1.04,回调二波起涨
300811,铂科新材,金属新材料,9.76,16.55,24.54,1.31,27.77,21.16,回调二波起涨
688711,宏微科技,半导体,2.54,2.7,16.49,1.31,8.36,6.37,回调二波起涨
301182,凯旺科技,计算机设备,2.75,12.48,13.48,1.31,4.55,3.48,回调二波起涨
688375,国博电子,军工电子Ⅱ,3.77,3.17,8.47,1.3,8.31,6.37,趋势放量异动
688027,国盾量子,通信设备,3.98,5.02,9.78,1.3,17.8,13.68,趋势放量异动
300352,ST信源,软件开发,2.8,10.94,15.75,1.3,1.42,1.09,回调二波起涨
300603,立昂技术,通信服务,3.46,1.17,2.61,1.3,1.96,1.51,趋势放量异动
603315,福鞍股份,环境治理,4.0,6.94,5.58,1.3,3.16,2.43,回调二波起涨
001400,江顺科技,专用设备,2.73,6.67,7.32,1.29,3.55,2.76,回调二波起涨
002645,华宏科技,环保设备Ⅱ,5.49,18.09,18.01,1.29,26.01,20.18,回调二波起涨
301419,阿莱德,通信设备,5.07,8.47,18.1,1.29,5.79,4.47,回调二波起涨
603179,新泉股份,汽车零部件,4.45,-0.15,4.16,1.29,18.92,14.66,回调二波起涨
688090,瑞松科技,自动化设备,5.7,5.05,24.98,1.29,9.44,7.33,回调二波起涨
688270,ST臻镭,半导体,4.07,-22.8,-23.27,1.29,10.39,8.09,趋势放量异动
688313,仕佳光子,通信设备,3.49,5.35,15.8,1.29,57.1,44.19,回调二波起涨
603516,淳中科技,计算机设备,4.9,16.15,24.77,1.29,13.87,10.74,回调二波起涨
000969,安泰科技,金属新材料,2.58,2.87,12.77,1.28,18.47,14.38,回调二波起涨
688336,三生国健,生物制品,4.37,-28.56,-26.92,1.28,4.49,3.5,回调二波起涨
688777,中控技术,自动化设备,6.23,12.71,25.88,1.28,39.42,30.81,回调二波起涨
301338,凯格精机,专用设备,3.87,9.03,13.71,1.28,16.27,12.75,回调二波起涨
300976,达瑞电子,消费电子,5.77,18.77,40.39,1.27,7.43,5.85,回调二波起涨
603912,佳力图,通用设备,4.08,2.6,5.85,1.27,1.68,1.32,趋势放量异动
002475,立讯精密,消费电子,3.88,2.61,8.28,1.27,158.55,125.08,趋势放量异动
688262,国芯科技,半导体,3.47,10.76,18.9,1.27,6.27,4.93,趋势放量异动
301098,金埔园林,基础建设,3.84,9.71,3.12,1.27,1.8,1.42,回调二波起涨
603776,永安行,摩托车及其他,2.95,9.3,12.78,1.26,1.13,0.9,回调二波起涨
688818,电科蓝天,航天装备Ⅱ,4.18,5.49,4.71,1.26,12.7,10.09,趋势放量异动
688765,禾元生物-U,生物制品,3.13,-1.56,2.64,1.26,0.8,0.63,趋势放量异动
300103,达刚控股,专用设备,4.98,5.49,1.05,1.26,1.32,1.05,回调二波起涨
001288,运机集团,专用设备,3.52,3.68,12.52,1.26,1.4,1.1,回调二波起涨
301095,广立微,软件开发,3.9,3.71,4.16,1.25,11.91,9.5,回调二波起涨
300855,图南股份,金属新材料,4.43,3.4,7.32,1.25,2.96,2.37,趋势放量异动
688048,长光华芯,半导体,5.27,8.48,8.25,1.24,65.0,52.51,回调二波起涨
000759,中百集团,一般零售,3.47,5.21,18.11,1.24,6.86,5.55,回调二波起涨
688260,昀冢科技,消费电子,4.38,33.96,35.54,1.24,8.96,7.25,回调二波起涨
300975,商络电子,元件,4.97,6.49,11.89,1.23,48.88,39.75,回调二波起涨
688056,莱伯泰科,通用设备,5.69,13.85,20.4,1.23,2.73,2.23,回调二波起涨
002655,共达电声,消费电子,9.99,18.76,25.69,1.22,16.16,13.24,回调二波起涨
300489,光智科技,光学光电子,5.37,15.39,28.12,1.22,20.53,16.87,回调二波起涨
300774,倍杰特,环境治理,3.51,-2.72,6.18,1.22,2.07,1.69,回调二波起涨
301021,英诺激光,自动化设备,7.56,19.67,47.5,1.22,12.13,9.93,回调二波起涨
300814,中富电路,元件,6.13,3.38,18.89,1.22,21.58,17.64,回调二波起涨
301013,利和兴,专用设备,5.05,17.7,17.78,1.22,37.91,31.04,回调二波起涨
002056,横店东磁,光伏设备,5.44,6.6,9.75,1.22,28.51,23.33,回调二波起涨
301071,力量钻石,非金属材料Ⅱ,3.42,8.54,8.35,1.21,23.0,19.0,回调二波起涨
603007,花王股份,汽车零部件,2.64,-1.02,9.18,1.21,3.33,2.75,回调二波起涨
301321,翰博高新,光学光电子,3.22,10.96,29.53,1.2,3.38,2.81,回调二波起涨
603211,晋拓股份,汽车零部件,9.99,19.99,10.12,1.2,3.25,2.72,回调二波起涨
688628,优利德,通用设备,3.99,9.08,19.46,1.2,5.28,4.39,回调二波起涨
603757,大元泵业,通用设备,5.59,11.03,20.07,1.2,7.79,6.5,回调二波起涨
688150,莱特光电,电子化学品Ⅱ,4.42,8.5,23.07,1.2,8.75,7.26,回调二波起涨
002046,国机精工,通用设备,2.71,1.58,10.32,1.2,16.68,13.88,回调二波起涨
002057,中钢天源,专业服务,2.53,0.66,7.22,1.19,5.55,4.67,回调二波起涨
605111,新洁能,半导体,4.43,13.38,27.25,1.19,20.39,17.08,回调二波起涨
600246,万通发展,房地产开发,5.91,7.62,8.81,1.19,35.38,29.63,回调二波起涨
688507,索辰科技,软件开发,4.31,0.37,23.24,1.19,25.85,21.79,回调二波起涨
688308,欧科亿,通用设备,8.08,16.39,32.79,1.19,21.49,18.09,回调二波起涨
688800,瑞可达,其他电子Ⅱ,4.09,-21.91,-12.11,1.18,14.6,12.33,回调二波起涨
688012,中微公司,半导体,2.56,12.51,18.76,1.18,93.63,79.18,回调二波起涨
002927,泰永长征,电网设备,3.57,11.77,23.23,1.18,5.16,4.38,回调二波起涨
301458,钧崴电子,元件,4.83,7.47,21.23,1.16,13.04,11.28,回调二波起涨
605289,罗曼股份,专业工程,3.99,16.83,30.83,1.16,6.39,5.51,回调二波起涨
603036,如通股份,专用设备,3.78,3.99,14.12,1.16,1.42,1.23,回调二波起涨
301031,中熔电气,其他电子Ⅱ,3.9,3.68,15.37,1.15,7.42,6.44,回调二波起涨
301165,锐捷网络,通信设备,3.69,6.09,19.58,1.15,8.41,7.32,回调二波起涨
002611,东方精工,专用设备,3.08,0.59,10.11,1.15,11.09,9.67,回调二波起涨
300654,世纪天鸿,出版,3.33,4.0,4.67,1.15,1.74,1.51,回调二波起涨
688300,联瑞新材,非金属材料Ⅱ,14.98,26.92,52.24,1.14,22.66,19.84,回调二波起涨
603629,利通电子,消费电子,7.0,5.5,26.76,1.13,57.29,50.68,回调二波起涨
603124,江南新材,金属新材料,10.0,7.81,18.18,1.13,8.97,7.94,回调二波起涨
688362,甬矽电子,半导体,4.47,14.93,13.3,1.13,26.97,23.94,回调二波起涨
001360,南矿集团,专用设备,3.63,9.69,28.87,1.12,1.24,1.11,回调二波起涨
300125,*ST聆达,电力,3.54,10.44,11.69,1.12,0.62,0.55,回调二波起涨
300835,龙磁科技,金属新材料,7.7,5.62,12.43,1.12,13.95,12.5,回调二波起涨
600545,卓郎智能,专用设备,10.02,21.24,25.87,1.12,11.96,10.72,回调二波起涨
000657,中钨高新,小金属,10.0,13.33,26.34,1.11,85.68,77.53,回调二波起涨
002384,东山精密,元件,6.26,14.08,29.39,1.11,213.11,191.66,回调二波起涨
002955,鸿合科技,光学光电子,2.75,6.43,13.15,1.11,2.8,2.53,回调二波起涨
688368,晶丰明源,半导体,6.87,9.04,16.79,1.1,9.52,8.64,回调二波起涨
